/*
 Navicat MySQL Data Transfer

 Source Server         : localhost
 Source Server Type    : MySQL
 Source Server Version : 50734
 Source Host           : localhost:3306
 Source Schema         : oas_dev

 Target Server Type    : MySQL
 Target Server Version : 50734
 File Encoding         : 65001

 Date: 30/05/2022 15:04:53
*/

SET NAMES utf8mb4;
SET FOREIGN_KEY_CHECKS = 0;

-- ----------------------------
-- Table structure for account
-- ----------------------------
DROP TABLE IF EXISTS `account`;
CREATE TABLE `account`  (
  `id` bigint(20) UNSIGNED NOT NULL COMMENT '员工id',
  `email` varchar(50) CHARACTER SET utf8 COLLATE utf8_bin NULL DEFAULT NULL COMMENT '邮箱',
  `nickname` varchar(128) CHARACTER SET utf8 COLLATE utf8_bin NOT NULL COMMENT '账户昵称',
  `password` varchar(100) CHARACTER SET utf8 COLLATE utf8_bin NOT NULL COMMENT '密码',
  `register_time` datetime NULL DEFAULT CURRENT_TIMESTAMP COMMENT '注册时间',
  `login_time` datetime NULL DEFAULT NULL COMMENT '上一次登录时间',
  PRIMARY KEY (`id`) USING BTREE,
  UNIQUE INDEX `ix_account_name`(`nickname`) USING BTREE,
  UNIQUE INDEX `ix_account_email`(`email`) USING BTREE
) ENGINE = InnoDB CHARACTER SET = utf8mb4 COLLATE = utf8mb4_general_ci COMMENT = '用户表' ROW_FORMAT = Dynamic;

-- ----------------------------
-- Records of account
-- ----------------------------
INSERT INTO `account` VALUES (1, 'admin@qq.com', 'admin', '$2a$10$wg0f10n.30UbU.9hPpucbef/ya62LdTKs72xJfjxvTFsL0Xaewbra', '2022-02-20 00:00:00', '2022-05-29 15:45:17');
INSERT INTO `account` VALUES (26, 'zhangsan123@163.com', '法外狂徒', '$2a$10$xo6v5t17YtrFifS3mVHeUe9TsiJ8rqbBREv5kMWDIDtAqZcN/j.gW', '2022-03-29 18:40:09', '2022-05-14 02:45:20');
INSERT INTO `account` VALUES (27, 'lisi@163.com', 'lisi', '$2a$10$Dr0vZE31DzhE0ufRYxcFPuvYintQA5yuZM651CZKbfI6BI0AMGA.m', '2022-04-11 12:06:58', '2022-05-04 20:12:59');
INSERT INTO `account` VALUES (28, 'wangwu@163.com', 'wangwu', '$2a$10$KD0k3H3Vom.bVZ0DUSNi9.pHOSf1OiUNvsGqM7diykSoFRC9nZEEi', '2022-04-11 12:08:28', '2022-05-05 00:00:05');
INSERT INTO `account` VALUES (29, 'annajin@qq.com', 'annajin', '$2a$10$ULmknWocWGdQy96yzLeo2O8MbswKlcAVomyK6B2UscSv721yBvfZm', '2022-04-11 13:27:02', '2022-05-29 15:44:57');
INSERT INTO `account` VALUES (31, 'createtest123@163.com', 'createtest', '$2a$10$ug6J6QUHz5PGCRU/tUV.ZeQDV1NwCCT6sm0CTZGRD2dNjNLOSlt6K', '2022-05-28 16:01:38', '2022-05-28 16:03:19');

-- ----------------------------
-- Table structure for account_role
-- ----------------------------
DROP TABLE IF EXISTS `account_role`;
CREATE TABLE `account_role`  (
  `id` bigint(20) UNSIGNED NOT NULL AUTO_INCREMENT COMMENT '自增编号',
  `account_id` bigint(20) UNSIGNED NOT NULL COMMENT '用户Id',
  `role_id` bigint(20) UNSIGNED NOT NULL COMMENT '角色Id',
  PRIMARY KEY (`id`) USING BTREE,
  INDEX `role_id`(`role_id`) USING BTREE
) ENGINE = InnoDB AUTO_INCREMENT = 17 CHARACTER SET = utf8mb4 COLLATE = utf8mb4_general_ci COMMENT = '用户角色表' ROW_FORMAT = Dynamic;

-- ----------------------------
-- Records of account_role
-- ----------------------------
INSERT INTO `account_role` VALUES (1, 1, 1);
INSERT INTO `account_role` VALUES (6, 26, 3);
INSERT INTO `account_role` VALUES (7, 27, 2);
INSERT INTO `account_role` VALUES (8, 28, 2);
INSERT INTO `account_role` VALUES (9, 29, 2);
INSERT INTO `account_role` VALUES (10, 29, 3);
INSERT INTO `account_role` VALUES (13, 28, 1);
INSERT INTO `account_role` VALUES (14, 27, 1);
INSERT INTO `account_role` VALUES (15, 30, 2);
INSERT INTO `account_role` VALUES (16, 31, 2);

-- ----------------------------
-- Table structure for act_evt_log
-- ----------------------------
DROP TABLE IF EXISTS `act_evt_log`;
CREATE TABLE `act_evt_log`  (
  `LOG_NR_` bigint(20) NOT NULL AUTO_INCREMENT,
  `TYPE_` varchar(64) CHARACTER SET utf8 COLLATE utf8_bin NULL DEFAULT NULL,
  `PROC_DEF_ID_` varchar(64) CHARACTER SET utf8 COLLATE utf8_bin NULL DEFAULT NULL,
  `PROC_INST_ID_` varchar(64) CHARACTER SET utf8 COLLATE utf8_bin NULL DEFAULT NULL,
  `EXECUTION_ID_` varchar(64) CHARACTER SET utf8 COLLATE utf8_bin NULL DEFAULT NULL,
  `TASK_ID_` varchar(64) CHARACTER SET utf8 COLLATE utf8_bin NULL DEFAULT NULL,
  `TIME_STAMP_` timestamp(3) NOT NULL DEFAULT CURRENT_TIMESTAMP(3),
  `USER_ID_` varchar(255) CHARACTER SET utf8 COLLATE utf8_bin NULL DEFAULT NULL,
  `DATA_` longblob NULL,
  `LOCK_OWNER_` varchar(255) CHARACTER SET utf8 COLLATE utf8_bin NULL DEFAULT NULL,
  `LOCK_TIME_` timestamp(3) NULL DEFAULT NULL,
  `IS_PROCESSED_` tinyint(4) NULL DEFAULT 0,
  PRIMARY KEY (`LOG_NR_`) USING BTREE
) ENGINE = InnoDB AUTO_INCREMENT = 1 CHARACTER SET = utf8 COLLATE = utf8_bin ROW_FORMAT = Dynamic;

-- ----------------------------
-- Records of act_evt_log
-- ----------------------------

-- ----------------------------
-- Table structure for act_ge_bytearray
-- ----------------------------
DROP TABLE IF EXISTS `act_ge_bytearray`;
CREATE TABLE `act_ge_bytearray`  (
  `ID_` varchar(64) CHARACTER SET utf8 COLLATE utf8_bin NOT NULL,
  `REV_` int(11) NULL DEFAULT NULL,
  `NAME_` varchar(255) CHARACTER SET utf8 COLLATE utf8_bin NULL DEFAULT NULL,
  `DEPLOYMENT_ID_` varchar(64) CHARACTER SET utf8 COLLATE utf8_bin NULL DEFAULT NULL,
  `BYTES_` longblob NULL,
  `GENERATED_` tinyint(4) NULL DEFAULT NULL,
  PRIMARY KEY (`ID_`) USING BTREE,
  INDEX `ACT_FK_BYTEARR_DEPL`(`DEPLOYMENT_ID_`) USING BTREE,
  CONSTRAINT `ACT_FK_BYTEARR_DEPL` FOREIGN KEY (`DEPLOYMENT_ID_`) REFERENCES `act_re_deployment` (`ID_`) ON DELETE RESTRICT ON UPDATE RESTRICT
) ENGINE = InnoDB CHARACTER SET = utf8 COLLATE = utf8_bin ROW_FORMAT = Dynamic;

-- ----------------------------
-- Records of act_ge_bytearray
-- ----------------------------
INSERT INTO `act_ge_bytearray` VALUES ('243bf859-cc51-11ec-b4ba-005056c00001', 1, 'var-variables', NULL, 0xACED00057372001F636F6D2E616C69626162612E666173746A736F6E2E4A534F4E4F626A65637400000000000000010200014C00036D617074000F4C6A6176612F7574696C2F4D61703B7870737200116A6176612E7574696C2E486173684D61700507DAC1C31660D103000246000A6C6F6164466163746F724900097468726573686F6C6478703F4000000000000C7708000000100000000B740007666F726D526566740006656C466F726D740006677574746572737200116A6176612E6C616E672E496E746567657212E2A0A4F781873802000149000576616C7565787200106A6176612E6C616E672E4E756D62657286AC951D0B94E08B02000078700000000F74000473697A657400066D656469756D740009666F726D52756C657374000572756C657374000D6C6162656C506F736974696F6E7400057269676874740008666F726D42746E73737200116A6176612E6C616E672E426F6F6C65616ECD207280D59CFAEE0200015A000576616C756578700074000A6C6162656C57696474687371007E00080000006474000864697361626C65647371007E001201740009666F726D4D6F64656C740008666F726D446174617400066669656C64737372001E636F6D2E616C69626162612E666173746A736F6E2E4A534F4E417272617900000000000000010200014C00046C6973747400104C6A6176612F7574696C2F4C6973743B7870737200136A6176612E7574696C2E41727261794C6973747881D21D99C7619D03000149000473697A657870000000037704000000037371007E00007371007E00033F4000000000000C7708000000100000000B740009636C65617261626C6571007E001774000A5F5F636F6E6669675F5F7371007E00007371007E00033F400000000000187708000000200000000D740006666F726D49647371007E00080000006574000C64656661756C7456616C7565740003313233740008646F63756D656E7474003068747470733A2F2F656C656D656E742E656C656D652E636E2F232F7A682D434E2F636F6D706F6E656E742F696E7075747400056C6162656C74000CE8AFB7E58187E58E9FE59BA074000973686F774C6162656C71007E0017740008726571756972656471007E001774000972656E6465724B6579740010313031313635313734303135353833367400066C61796F757474000B636F6C466F726D4974656D74000774616749636F6E740005696E7075747400096368616E676554616771007E0017740003746167740008656C2D696E7075747400077265674C6973747371007E001B7371007E001E000000017704000000017371007E00007371007E00033F4000000000000C7708000000100000000374000774726967676572740004626C75727400076D657373616765740015E8AFB7E8BE93E585A5E8AFB7E58187E58E9FE59BA071007E002F71007E001778787400047370616E7371007E00080000000B78740008726561646F6E6C7971007E001374000A5F5F764D6F64656C5F5F740006726561736F6E7400057374796C657371007E00007371007E00033F4000000000000C770800000010000000017400057769647468740004313030257871007E001671007E001374000B706C616365686F6C646572740015E8AFB7E8BE93E585A5E8AFB7E58187E58E9FE59BA074000F73686F772D776F72642D6C696D697471007E00137400085F5F736C6F745F5F7371007E00007371007E00033F4000000000000C7708000000100000000274000770726570656E64740000740006617070656E647400007874000B7072656669782D69636F6E74000074000B7375666669782D69636F6E740000787371007E00007371007E00033F4000000000000C7708000000100000000774000D737465702D7374726963746C7971007E001371007E00237371007E00007371007E00033F400000000000187708000000200000000D71007E00267371007E00080000006671007E00287371007E000800000002740008646F63756D656E7474003768747470733A2F2F656C656D656E742E656C656D652E636E2F232F7A682D434E2F636F6D706F6E656E742F696E7075742D6E756D62657271007E002C74000CE8AFB7E58187E5A4A9E695B071007E002E71007E001771007E002F71007E001771007E00307400103130323136353137343032303637303471007E003274000B636F6C466F726D4974656D71007E00347400066E756D62657271007E003671007E001771007E003774000F656C2D696E7075742D6E756D62657271007E00397371007E001B7371007E001E000000017704000000017371007E00007371007E00033F4000000000000C7708000000100000000371007E003E740004626C757271007E004074000CE8AFB7E58187E5A4A9E695B071007E002F71007E0017787871007E00427371007E0008000000187871007E00457400096C6561766544617973740004737465707371007E000800000001740011636F6E74726F6C732D706F736974696F6E74000071007E001671007E001371007E004C74000CE8AFB7E58187E5A4A9E695B0787371007E00007371007E00033F4000000000000C7708000000100000000C71007E002271007E001771007E00237371007E00007371007E00033F400000000000187708000000200000000D71007E00267371007E00080000006771007E00287371007E001B7371007E001E0000000277040000000274000A323032322D30352D313174000A323032322D30352D313378740008646F63756D656E7474003668747470733A2F2F656C656D656E742E656C656D652E636E2F232F7A682D434E2F636F6D706F6E656E742F646174652D7069636B657271007E002C74000CE697A5E69C9FE88C83E59BB471007E002E71007E001771007E002F71007E001771007E00307400103130333136353137343032333338393571007E003274000B636F6C466F726D4974656D71007E003474000A646174652D72616E676571007E003671007E001771007E003774000E656C2D646174652D7069636B657271007E00397371007E001B7371007E001E000000017704000000017371007E00007371007E00033F4000000000000C7708000000100000000371007E003E7400066368616E676571007E0040740018E697A5E69C9FE88C83E59BB4E4B88DE883BDE4B8BAE7A9BA71007E002F71007E0017787871007E004271007E00437874000F72616E67652D736570617261746F72740003E887B371007E004471007E001374001173746172742D706C616365686F6C64657274000CE5BC80E5A78BE697A5E69C9F740006666F726D617474000A797979792D4D4D2D646474000C76616C75652D666F726D617474000A797979792D4D4D2D646471007E004574000E6C656176654461746552616E676571007E00477371007E00007371007E00033F4000000000000C7708000000100000000171007E004A740004313030257871007E001671007E0013740004747970657400096461746572616E676574000F656E642D706C616365686F6C64657274000CE7BB93E69D9FE697A5E69C9F787871007E004271007E004378, NULL);
INSERT INTO `act_ge_bytearray` VALUES ('243c1f6b-cc51-11ec-b4ba-005056c00001', 1, 'hist.var-variables', NULL, 0xACED00057372001F636F6D2E616C69626162612E666173746A736F6E2E4A534F4E4F626A65637400000000000000010200014C00036D617074000F4C6A6176612F7574696C2F4D61703B7870737200116A6176612E7574696C2E486173684D61700507DAC1C31660D103000246000A6C6F6164466163746F724900097468726573686F6C6478703F4000000000000C7708000000100000000B740007666F726D526566740006656C466F726D740006677574746572737200116A6176612E6C616E672E496E746567657212E2A0A4F781873802000149000576616C7565787200106A6176612E6C616E672E4E756D62657286AC951D0B94E08B02000078700000000F74000473697A657400066D656469756D740009666F726D52756C657374000572756C657374000D6C6162656C506F736974696F6E7400057269676874740008666F726D42746E73737200116A6176612E6C616E672E426F6F6C65616ECD207280D59CFAEE0200015A000576616C756578700074000A6C6162656C57696474687371007E00080000006474000864697361626C65647371007E001201740009666F726D4D6F64656C740008666F726D446174617400066669656C64737372001E636F6D2E616C69626162612E666173746A736F6E2E4A534F4E417272617900000000000000010200014C00046C6973747400104C6A6176612F7574696C2F4C6973743B7870737200136A6176612E7574696C2E41727261794C6973747881D21D99C7619D03000149000473697A657870000000037704000000037371007E00007371007E00033F4000000000000C7708000000100000000B740009636C65617261626C6571007E001774000A5F5F636F6E6669675F5F7371007E00007371007E00033F400000000000187708000000200000000D740006666F726D49647371007E00080000006574000C64656661756C7456616C7565740003313233740008646F63756D656E7474003068747470733A2F2F656C656D656E742E656C656D652E636E2F232F7A682D434E2F636F6D706F6E656E742F696E7075747400056C6162656C74000CE8AFB7E58187E58E9FE59BA074000973686F774C6162656C71007E0017740008726571756972656471007E001774000972656E6465724B6579740010313031313635313734303135353833367400066C61796F757474000B636F6C466F726D4974656D74000774616749636F6E740005696E7075747400096368616E676554616771007E0017740003746167740008656C2D696E7075747400077265674C6973747371007E001B7371007E001E000000017704000000017371007E00007371007E00033F4000000000000C7708000000100000000374000774726967676572740004626C75727400076D657373616765740015E8AFB7E8BE93E585A5E8AFB7E58187E58E9FE59BA071007E002F71007E001778787400047370616E7371007E00080000000B78740008726561646F6E6C7971007E001374000A5F5F764D6F64656C5F5F740006726561736F6E7400057374796C657371007E00007371007E00033F4000000000000C770800000010000000017400057769647468740004313030257871007E001671007E001374000B706C616365686F6C646572740015E8AFB7E8BE93E585A5E8AFB7E58187E58E9FE59BA074000F73686F772D776F72642D6C696D697471007E00137400085F5F736C6F745F5F7371007E00007371007E00033F4000000000000C7708000000100000000274000770726570656E64740000740006617070656E647400007874000B7072656669782D69636F6E74000074000B7375666669782D69636F6E740000787371007E00007371007E00033F4000000000000C7708000000100000000774000D737465702D7374726963746C7971007E001371007E00237371007E00007371007E00033F400000000000187708000000200000000D71007E00267371007E00080000006671007E00287371007E000800000002740008646F63756D656E7474003768747470733A2F2F656C656D656E742E656C656D652E636E2F232F7A682D434E2F636F6D706F6E656E742F696E7075742D6E756D62657271007E002C74000CE8AFB7E58187E5A4A9E695B071007E002E71007E001771007E002F71007E001771007E00307400103130323136353137343032303637303471007E003274000B636F6C466F726D4974656D71007E00347400066E756D62657271007E003671007E001771007E003774000F656C2D696E7075742D6E756D62657271007E00397371007E001B7371007E001E000000017704000000017371007E00007371007E00033F4000000000000C7708000000100000000371007E003E740004626C757271007E004074000CE8AFB7E58187E5A4A9E695B071007E002F71007E0017787871007E00427371007E0008000000187871007E00457400096C6561766544617973740004737465707371007E000800000001740011636F6E74726F6C732D706F736974696F6E74000071007E001671007E001371007E004C74000CE8AFB7E58187E5A4A9E695B0787371007E00007371007E00033F4000000000000C7708000000100000000C71007E002271007E001771007E00237371007E00007371007E00033F400000000000187708000000200000000D71007E00267371007E00080000006771007E00287371007E001B7371007E001E0000000277040000000274000A323032322D30352D313174000A323032322D30352D313378740008646F63756D656E7474003668747470733A2F2F656C656D656E742E656C656D652E636E2F232F7A682D434E2F636F6D706F6E656E742F646174652D7069636B657271007E002C74000CE697A5E69C9FE88C83E59BB471007E002E71007E001771007E002F71007E001771007E00307400103130333136353137343032333338393571007E003274000B636F6C466F726D4974656D71007E003474000A646174652D72616E676571007E003671007E001771007E003774000E656C2D646174652D7069636B657271007E00397371007E001B7371007E001E000000017704000000017371007E00007371007E00033F4000000000000C7708000000100000000371007E003E7400066368616E676571007E0040740018E697A5E69C9FE88C83E59BB4E4B88DE883BDE4B8BAE7A9BA71007E002F71007E0017787871007E004271007E00437874000F72616E67652D736570617261746F72740003E887B371007E004471007E001374001173746172742D706C616365686F6C64657274000CE5BC80E5A78BE697A5E69C9F740006666F726D617474000A797979792D4D4D2D646474000C76616C75652D666F726D617474000A797979792D4D4D2D646471007E004574000E6C656176654461746552616E676571007E00477371007E00007371007E00033F4000000000000C7708000000100000000171007E004A740004313030257871007E001671007E0013740004747970657400096461746572616E676574000F656E642D706C616365686F6C64657274000CE7BB93E69D9FE697A5E69C9F787871007E004271007E004378, NULL);
INSERT INTO `act_ge_bytearray` VALUES ('243c467e-cc51-11ec-b4ba-005056c00001', 1, 'var-leaveDateRange', NULL, 0xACED00057372001E636F6D2E616C69626162612E666173746A736F6E2E4A534F4E417272617900000000000000010200014C00046C6973747400104C6A6176612F7574696C2F4C6973743B7870737200136A6176612E7574696C2E41727261794C6973747881D21D99C7619D03000149000473697A6578700000000277040000000274000A323032322D30352D313174000A323032322D30352D313378, NULL);
INSERT INTO `act_ge_bytearray` VALUES ('243c4680-cc51-11ec-b4ba-005056c00001', 1, 'hist.var-leaveDateRange', NULL, 0xACED00057372001E636F6D2E616C69626162612E666173746A736F6E2E4A534F4E417272617900000000000000010200014C00046C6973747400104C6A6176612F7574696C2F4C6973743B7870737200136A6176612E7574696C2E41727261794C6973747881D21D99C7619D03000149000473697A6578700000000277040000000274000A323032322D30352D313174000A323032322D30352D313378, NULL);
INSERT INTO `act_ge_bytearray` VALUES ('2e3bfb71-c91d-11ec-ba35-005056c00001', 1, '演示流程.bpmn', '2e3bfb70-c91d-11ec-ba35-005056c00001', 0x3C3F786D6C2076657273696F6E3D22312E302220656E636F64696E673D225554462D38223F3E0A3C62706D6E323A646566696E6974696F6E7320786D6C6E733A7873693D22687474703A2F2F7777772E77332E6F72672F323030312F584D4C536368656D612D696E7374616E63652220786D6C6E733A62706D6E323D22687474703A2F2F7777772E6F6D672E6F72672F737065632F42504D4E2F32303130303532342F4D4F44454C2220786D6C6E733A62706D6E64693D22687474703A2F2F7777772E6F6D672E6F72672F737065632F42504D4E2F32303130303532342F44492220786D6C6E733A64633D22687474703A2F2F7777772E6F6D672E6F72672F737065632F44442F32303130303532342F44432220786D6C6E733A64693D22687474703A2F2F7777772E6F6D672E6F72672F737065632F44442F32303130303532342F44492220786D6C6E733A666C6F7761626C653D22687474703A2F2F666C6F7761626C652E6F72672F62706D6E222069643D226469616772616D5F50726F636573735F3136353133383831323133343822207461726765744E616D6573706163653D22687474703A2F2F666C6F7761626C652E6F72672F62706D6E22207873693A736368656D614C6F636174696F6E3D22687474703A2F2F7777772E6F6D672E6F72672F737065632F42504D4E2F32303130303532342F4D4F44454C2042504D4E32302E787364223E0A20203C62706D6E323A70726F636573732069643D2250726F636573735F3136353133383831323133343822206E616D653D22E6BC94E7A4BAE6B581E7A88B2220697345786563757461626C653D2274727565223E0A202020203C62706D6E323A73746172744576656E742069643D224576656E745F31356261617269223E0A2020202020203C62706D6E323A6F7574676F696E673E466C6F775F317766613332683C2F62706D6E323A6F7574676F696E673E0A202020203C2F62706D6E323A73746172744576656E743E0A202020203C62706D6E323A757365725461736B2069643D2241637469766974795F3066656237336722206E616D653D2261646D696EE5AEA1E6A0B82220666C6F7761626C653A64617461547970653D2255534552532220666C6F7761626C653A61737369676E65653D22312220666C6F7761626C653A746578743D2261646D696E223E0A2020202020203C62706D6E323A696E636F6D696E673E466C6F775F317766613332683C2F62706D6E323A696E636F6D696E673E0A2020202020203C62706D6E323A6F7574676F696E673E466C6F775F307A637A6973773C2F62706D6E323A6F7574676F696E673E0A202020203C2F62706D6E323A757365725461736B3E0A202020203C62706D6E323A73657175656E6365466C6F772069643D22466C6F775F317766613332682220736F757263655265663D224576656E745F3135626161726922207461726765745265663D2241637469766974795F3066656237336722202F3E0A202020203C62706D6E323A757365725461736B2069643D2241637469766974795F3161653638766322206E616D653D22E6B58BE8AF95E5AEA1E6A0B82220666C6F7761626C653A64617461547970653D22524F4C45532220666C6F7761626C653A63616E64696461746547726F7570733D22524F4C45332220666C6F7761626C653A746578743D22E6B58BE8AF95223E0A2020202020203C62706D6E323A696E636F6D696E673E466C6F775F307A637A6973773C2F62706D6E323A696E636F6D696E673E0A2020202020203C62706D6E323A6F7574676F696E673E466C6F775F30646E317067733C2F62706D6E323A6F7574676F696E673E0A202020203C2F62706D6E323A757365725461736B3E0A202020203C62706D6E323A73657175656E6365466C6F772069643D22466C6F775F307A637A6973772220736F757263655265663D2241637469766974795F3066656237336722207461726765745265663D2241637469766974795F3161653638766322202F3E0A202020203C62706D6E323A656E644576656E742069643D224576656E745F30636C79726E66223E0A2020202020203C62706D6E323A696E636F6D696E673E466C6F775F30646E317067733C2F62706D6E323A696E636F6D696E673E0A202020203C2F62706D6E323A656E644576656E743E0A202020203C62706D6E323A73657175656E6365466C6F772069643D22466C6F775F30646E317067732220736F757263655265663D2241637469766974795F3161653638766322207461726765745265663D224576656E745F30636C79726E6622202F3E0A20203C2F62706D6E323A70726F636573733E0A20203C62706D6E64693A42504D4E4469616772616D2069643D2242504D4E4469616772616D5F31223E0A202020203C62706D6E64693A42504D4E506C616E652069643D2242504D4E506C616E655F31222062706D6E456C656D656E743D2250726F636573735F31363531333838313231333438223E0A2020202020203C62706D6E64693A42504D4E456467652069643D22466C6F775F317766613332685F6469222062706D6E456C656D656E743D22466C6F775F31776661333268223E0A20202020202020203C64693A776179706F696E7420783D223236382220793D2231383022202F3E0A20202020202020203C64693A776179706F696E7420783D223332302220793D2231383022202F3E0A2020202020203C2F62706D6E64693A42504D4E456467653E0A2020202020203C62706D6E64693A42504D4E456467652069643D22466C6F775F307A637A6973775F6469222062706D6E456C656D656E743D22466C6F775F307A637A697377223E0A20202020202020203C64693A776179706F696E7420783D223432302220793D2231383022202F3E0A20202020202020203C64693A776179706F696E7420783D223438302220793D2231383022202F3E0A2020202020203C2F62706D6E64693A42504D4E456467653E0A2020202020203C62706D6E64693A42504D4E456467652069643D22466C6F775F30646E317067735F6469222062706D6E456C656D656E743D22466C6F775F30646E31706773223E0A20202020202020203C64693A776179706F696E7420783D223538302220793D2231383022202F3E0A20202020202020203C64693A776179706F696E7420783D223634322220793D2231383022202F3E0A2020202020203C2F62706D6E64693A42504D4E456467653E0A2020202020203C62706D6E64693A42504D4E53686170652069643D224576656E745F313562616172695F6469222062706D6E456C656D656E743D224576656E745F31356261617269223E0A20202020202020203C64633A426F756E647320783D223233322220793D22313632222077696474683D22333622206865696768743D22333622202F3E0A2020202020203C2F62706D6E64693A42504D4E53686170653E0A2020202020203C62706D6E64693A42504D4E53686170652069643D2241637469766974795F306665623733675F6469222062706D6E456C656D656E743D2241637469766974795F30666562373367223E0A20202020202020203C64633A426F756E647320783D223332302220793D22313430222077696474683D2231303022206865696768743D22383022202F3E0A2020202020203C2F62706D6E64693A42504D4E53686170653E0A2020202020203C62706D6E64693A42504D4E53686170652069643D2241637469766974795F316165363876635F6469222062706D6E456C656D656E743D2241637469766974795F31616536387663223E0A20202020202020203C64633A426F756E647320783D223438302220793D22313430222077696474683D2231303022206865696768743D22383022202F3E0A2020202020203C2F62706D6E64693A42504D4E53686170653E0A2020202020203C62706D6E64693A42504D4E53686170652069643D224576656E745F30636C79726E665F6469222062706D6E456C656D656E743D224576656E745F30636C79726E66223E0A20202020202020203C64633A426F756E647320783D223634322220793D22313632222077696474683D22333622206865696768743D22333622202F3E0A2020202020203C2F62706D6E64693A42504D4E53686170653E0A202020203C2F62706D6E64693A42504D4E506C616E653E0A20203C2F62706D6E64693A42504D4E4469616772616D3E0A3C2F62706D6E323A646566696E6974696F6E733E0A, 0);
INSERT INTO `act_ge_bytearray` VALUES ('2e59e3b2-c91d-11ec-ba35-005056c00001', 1, '演示流程.Process_1651388121348.png', '2e3bfb70-c91d-11ec-ba35-005056c00001', 0x89504E470D0A1A0A0000000D49484452000002B0000000E608060000002D0CB6750000123A4944415478DAEDDD7B8C54659A07601235193363F40F8D6B1CA326C64CCC462766FF58E39A18B3C6316A1C13116940B411F1425AC45B34A80BE275B13520512311D631BA841170897157406E611A6563586E926555049A964657051DE4A267CF5BE9537BBAFA422374D7ED799237555DD57437DD6FCEF7ABEF7CF59D41830000000000000000000000000000000000000000000000000000000000000000000000000000000000000000000000000000000000000000000000000000000000000000000000000000000000000000000000000000000000000000000000000000000000000000000000000000000000000000000000000000000000000000000000000000000000000000000000000000000000000000000000000000000000000000000000000000000000000000000000000000000000000000000000000000000000000000000000000000000000000000000000000000000000000000000000000000000000000000000000000000000000000000000000000000000000000000000000000000000000000000000000000000000000000000000000000000000000000000000000000000000000000000000000000000000000000000000000000000000000000000000000000000000000000000000000000000000000000000000000000000000000000000000000000000A046254972EC679F7D3667D5AA553F2D5EBC3859B870A11AE05AB46851B27CF9F2AFD21AAEFFF483FE03804388F0B062C58AA4BDBD3DD9B76F9F2A53EDDAB52B59B66CD9776998B85EFF29FD0700BD88992FE1A16242C4BE850B177EA2FF94FE03805EC4695B8377E5541A200EE83FA5FF00A017B106CEC05D510122D17F4AFF01C0510810DF7FDB967CB67A66B261D1A442C5FD78CCA02F40E83FFD0700151720F67CD39AACFF8F4792FF7AF7FE4E158FC573067E0142FFE93F00A8A800B16DC3BF75090F596DDFB0C0C02F40E83FFD07009515203E59F24C8F01229E33F00B10FA4FFF0140450588F50BFFA9C70011CF19F80508FDA7FF0040801020F49FFED37F00F04B0344BCEBBBA70011CF19F80508FDA7FF00A0A202C4E6952FF61820E23903BF00A1FFF41F00545480F8BA756DB2FEFDC7BA9EBE4D1F8BE70CFC0284FED37F0050510122EAF3FF7CBD4B8088C70CFA0284FED37F00507901E2C71F93CD7F79A9EBE9DBF4B178CEC02F40E83FFD0700151320E24A47FFBD725A8F6B10E33957431220F49FFE0380F207881F7F4CDA367F90ACFBF7877B0C0F59C5E7C4E79A0D1320F49FFE0380B2048843CD7A990D1320F49FFE03808A0A107D99F5EA6D364C101020F49FFE0380010D10BF343C6425080810FA4FFF01C08006082540E83FFD47CF6EBEF9E6936EBCF1C6EBD39A96564B5A6D6925B98A8F5B860C19F2EAD0A14387A775B2DF1AD0ABEDDBB75F306FDEBC17A64F9FBE7EC284097BC68E1DFBD3B061C38A0796D1A347EFBFF7DE7BBF9E3871E2F22953A6DC9E1E887E25C01AB80508FDA704D8434903E9D5E938B2200DA4074B02EB212BFD370BD3FAE3A5975E7AACDF24509024C9B12D2D2D0F4C9D3AB52D0DA8C9534F3D95CC9D3B3759B3664DD2DADA9A1C3C7830C97CFDF5D7C9DAB56B93F9F3E7272FBEF8629206D883F7DF7FFF5F1A1B1B2F10609500A1FFF41FA5D200FA7769F85C75B8A1B5875A9D7EAD3FF8AD429D5BB66C59E3F3CF3FBFE7CE3BEF4CE6CC9993B4B5B52587E39B6FBE291CB4EFBAEBAE034D4D4D2BD383CB5902841220F49FFE23664BD3B0F9547733AE0F3EF86061CC59B97265B275EBD664EFDEBD853165FFFEFD858F57AD5A55984879E491477A0AB2D3EAFD0C20D4EDACEBECD9B3D7353636266FBDF556F1E0F14BC52C6DCCCA8E1831E2C0A851A31E14209400A1FFF45FFD1A366CD86F4B675DD3F121993973E6614F946CD9B225993163469CF12B0DB1EBE2FBF86D439D480F1E674D9B36AD7DDCB8718503C3D1145FEF9E7BEED93B7AF4E837EAE1D5B1002140E83F25C0769606D7DF353434ECC887CD589AD6DEDE7E44E34B2C619B3469526988DD566F67FEA06EC36B2C1988D33271FABF3FC46CEE134F3CF1C3A851A3DEABF505F7028400A1FF9400DB79E6351F5E63D675E9D2A59DDE4B71A456AC5851F8BA422CD48958361033AF115E8F74C9405F96144C9E3C79777A90992140280142FFE9BFDAD7B1E6B5B86C2076B0D9B46953BF8C31B146B66449C1BAC18307FFC6480F3528D6BCC6B281DDBB7727032142725353D3EEF420F68000A10408FDA7FF6A5BBC612B3FF3DA5FE1351F62F3DB3CC61BBB8CF45063962F5F3E3ADEB075B4D7BCF6654D6C7A80D99BBE323E4780500284FED37FB5A963ABACE26E03B16C6020C4728292FD626DB105B522960E3CF7DC73DFC76E03E53077EEDC6FD3103B5780500284FED37F353BFBBA2AFF86ADA3B9E6F5504ADED8B5DAC50EA046C4450A629FD7FE5EF7DADB7AD8C6C6C69D0D0D0DBF17209400A1FFF45F6DE9B8C25671E9C091EE36F04B7627C8AF878D2B7619F9A106343737B7C586D1E5B460C1827897E89F04082540E83FFD575BE2F2B059788C7D5ECBE18D37DEE874D959233F54B9EDDBB75F1097873DDC8DA38FB6D8B2ABA1A1E17F6B6D6F58014280D07FAA9E036C7A4C3F29BFF6B55C634DCCFAE6DFD095FE4C274B0050C5E6CD9BF7C2B3CF3E9B5482871E7A68759C6AAA86DF5BBC824FEB1F04080142FFA97A0DB07DE9C3342C5E9FBF3C6C39E52F3B9BFEDCC32500A86253A74EDD10D793AE04B366CD5A572DDB9CE44F45A5A1FBEF05080142FFA97A0BB07DE9C338A6679F57EEA56A31D6653F4BFAF3BE2A0140159B3061C29E356BD6544480FDF8E38F37A70796966A3A70E7EABDEE662204080142FFA95A0FB0BDF5611CD3B3E757AE5C59D63126F685CDFDAC2D120054B1B163C7FE54EEF5AF99AFBEFAEAFBF4A0D256A507EEE24C44FE002E400810FA4FD55180EDD287714CCF1EDFBA756B59C798D6D6D6FCCFD9260140158B45ED03B91FDFA1C481A59A0FDCF9998838A526400810FA4FD55B80CDF761FEE3FDFBF797757C89EF9FFF792400A8F2035025E9C301B1AA4A80A8ACAAB5FED27FFAAF9AAAD2C6180900CCC01E2D7B6A6006B6B0934276A5977A0C10E97F3B993265CA213F272E5D9C7DFCDD77DF151EEBEFDF571DCCC096B5FF162F5E9CBCF7DE7BB19E3DB9EAAAAB9277DE7927B9EEBAEB92C71E7BACD3DF3EBBFFF9E79F273FFCF04397AFF3EEBBEF26175D745172CD35D724BB76EDAACA5EABF319D8621FE61F2FD7C572CCC0420DBAE38E3BF655CA1AD89D3B77AEAFE235B09D8243A69C013682440CD4F9C0D097F079F1C5171FD6F759B66C5921A8DC74D34D85DBD34E3B2DB9E4924B0AF7A3DE7EFBEDE4ECB3CFEEF27DE2CA381126B2CF8DC76EBFFDF6E2FD4D9B36091055D87FF1B79B31634672E69967163E8EBFE715575C914C9B36AD1060F2FD1857488A8FA347F25F63C18205C979E79D57E881783EDEFC536DBD56A701B64B1FE6D7C06ED9B2C51A58E0E878E08107BEAC945D085A5A5A9656E12E042D7159C29EAEAD5DEE19D859B3661506E8F477DBAF8165F6ECD99D3E7EFCF1C78B1F1F77DC71B1C76FE17ECCA6456838E6986392F3CF3F3F79FAE9A70BA12666ECE2DFC5AD00519DFDB76DDBB664FBF6EDC5D01A573E3AF7DC7393A6A6A64E41B1F405557CBC7EFDFAC20BA7A8F8DC89132716FA26FB77F3E6CDABBA5EABB300DB631FDA8500E81793264D7ABF52F6816D6E6E5E5045FBC0763BE355690136F65DCCCF60F547EDD9B3A770EA389B051BD471CA363B7D1CB365F9CFCF66E1AEBDF6DA4E41245E48C5A9E3B81F614880A8BEFECB8261DCBEF6DA6B85DB5B6FBDB5D8175F7EF96531C0C6F28178FCF8E38F2FFC5DF24B09E2CA7CF1797116A15A7BAD4E02EC21FB30BF0F6CBCF8B00F2C70543CF3CC33B74C9932E5E74A08B063C68C59502D57E2EAABFE081031B375CE39E71497076CDCB8B1D3F3110C2EBCF0C2C273975D7659E176F2E4C9C53091CD5AC56D3AF014D72E665FEFE5975FEE124AA262562CD625C6FD6C962BFF391196B3FB1128B2650C279E7862B7A1222A4E15C76D9C0A7EF3CD370BF757AC5821405470FFF5566BD7AE2D9CE68F5E883E8DBFE7F8F1E3BB0DB0D107592FC40C6C164C6319C00B2FBC50787CF3E6CDDD86E46AE835FD570CB0AEC4051C7D37DF7CF3AF1A1B1BF7C75AB432EF011BEB5F77C5CF23401C7A962B0EC0311B35A89B35AEC3870F2F3C16B358F7DD775F3120C4EDF4E9D30BB7BFFEF5AF8B83787E76363E3EF5D453BBFD9E51F13D632DE3A09253B0833AD6CE96CE8A4558C8CF7E45C52C4C36BB16EB2463362C66DFF2B377B13E5180A8BE001B15FD932D21C8EEC71280D2009BEF9D08BED103F1B9A79C724A97A0DADD3AED4AEF35FD571C634E4A8F5707B2E0F8E9A79F96658C696F6F4F1A1A1A7ECE05D8932500A872E9ABE225313B514E6928FA97F4A0F22701E2D0156120DEE01203727701363E8EB587A54B080675AC25CC9EEF6E79413643D55D6838FDF4D37B5C967038A1221E3BE38C330A336ED95AC5F83731B0BDFFFEFBC5C02D40545780FDE28B2F0A2F8AA24FB2009BCDDCC74CE7A08ED3F53D05D858A75D1A6063DDEA9104D872F69AFEEB340BBB200B8EAFBCF24A59C698E8C7FC85168CFC5003D201E082DB6EBBED60B9B6383978F0E0B6F480F23FE9ABE3DF0B107D9B818D8139FE5E1D5BC1243B76ECE8325B1AF7E3547FDCFFE8A38F8A6F8089DB78A776767FC992259DFEED09279CD06B80CDFE5D160AB2D3B7F9CFCD4EEBC69B76F24B1CB26D93E28D35113C22B864EF56CF4EF1F6E79B6B04D8FEADF8BBC68E03714627BE772C39696E6E2E6E8D55BA0B41D62FF1E6ABE8E12C8846708D409BF576BE47ABA5D7F4DFFF8BA56159781C31624461367420453F8E1C39323FFBFA47233FD488BBEFBE7B59B9DECCF5E4934FCE4A0F2A730488BE5536F80ECAADEBCB878218C86386351E1B3B766CF1F9A80817D9FD98AD8ADBCB2FBFBCD31AD8D2AF57FAD895575ED9EBF65CF950D15B084F5FB074DA4A295B571BF7630F5101A2FA02ECA08E75D7D952816CC635D65AC7F293D27D60B38F5F7FFDF5E2BAECD23D634B5F2C554BAFE9BF2EB3B0C5DD08264D9A34A0FB8FC7F7CB6FF575A8373F025564F0E0C17F73CB2DB7EC1BE87DFA366EDCB82C3DA0EC49BFFF390244ED5CC8A02FA1227E37F1869F98A5EBEEF9FE78838D00DBBF1533FDF177CB66EBA3B235A7B1C556DC66B3A0F9375A65A7F77BEA9578E1556DBDA6FF3ABBE1861BFE31BF67ECD2A54B07648C89BF6DFEFB0E1D3AF40F467CA8310D0D0D4DE3C68DFBEB402D254807B60DE9F7DC901E54EE13209400A1FFF45FCDCFC2FE731624E32A90112EFB7BDFD7E1C387FF9C0BB0D38CF450A3468D1AF5FAC48913FB3DC41E3C78704B6363E307E901E52501420910FA4FFFD5BE8E4BCBB6E4436C7F5DDC20C2EBC891237FCA85D77583070FFE8D511E6AF8009306CB771E7DF4D1DDFD156263E6350DCA4B62DD6BAD6D9B25400810FA4FE9BF9EA5A1F5B7E9B17F733EC4C67282A3B9263666764B665EB7A57596111EEA20C4363434BCD2D4D4B4FB68AF898D35AF1DCB065EAAF5F02A400810FA4F09B05D4598CC87D8EC8D5D47BA3B41BC49AFE40D5BC22BD4A32143868C4D5F1D7F3F7BF6EC6FF6EFDF7FC45B6575EC36B0A796D7BC0A100284FE53FAAFCF33B12DF9B0195B6CCD9C3933696B6B3BEC8B14C43EAFF9ADB2B26503C22BD4A9D89D60E8D0A17F4E0F0CDFCE9933E7D3F415EE81C3BDC2565CA420FD1A9B62C9407AFB3B01420910FA4FFF1167FB860C19F27C49E82CD4C30F3F5CD8733AD6C8C699C06C12256E5B5B5B0B6B5CE7CF9F5FB83C6CFE0A5BF9376C59F30AC46CECDFA6F56A7AA0D83D7EFCF8353366CC58F3E1871F7EBA63C78E1F7279754F04D6969696A5CDCDCD0BC68C1913575FD99586D6B76AF12205028400A1FF94FE3B721D5B6CB57417647F41ADB65516D045AC5BED38D8C47628F146ACCFF3D7B94EABADE340342DAEBE520FEB5C05080142FF29FD7754264AAEEEB8ECEC81C30DAE7179D8B8C2968B140008100284FE53FAAF1C132527A561F6C69808E99810692B09AC858992382B9886D6E1B1D4CD6F0D40801020F49FD27F0008B04A80D07FFA4F80054080500284FED37F0020400810FA4FE93F0004582540E83F25C0022040280142FFE93F0010200408FDA7F41F0002AC815B80D07F4A80054080500284FED37F0020400810FA4FE93F000458014280D07F4A80054080500284FED37F0020400810FA4FE93F0010200408FDA704580004082540E83FFD0700028400A1FF94FE0300014280D07F4A8005A0FA2C5EBCD8C05D39B5370D1007F49FD27F00D08BE5CB97B7B5B7B71BBC2BA05A5B5BFF350D109FE83FA5FF00A0171F7CF0C1B54B972EFD76E7CE9D7F3588976FE62BC2C3A2458BBE48EB7AFDA7F41F001C423A685DBD70E1C2D571FA30D6C0A901AFF8BD7F52AFE141FFE93F0000000000000000000000000000000000000000000000008ED0FF011EFBF47F32863B1F0000000049454E44AE426082, 1);
INSERT INTO `act_ge_bytearray` VALUES ('879e53ae-cee7-11ec-a0a2-005056c00001', 1, '演示流程.bpmn', '879e53ad-cee7-11ec-a0a2-005056c00001', 0x3C3F786D6C2076657273696F6E3D22312E302220656E636F64696E673D225554462D38223F3E0A3C62706D6E323A646566696E6974696F6E7320786D6C6E733A7873693D22687474703A2F2F7777772E77332E6F72672F323030312F584D4C536368656D612D696E7374616E63652220786D6C6E733A62706D6E323D22687474703A2F2F7777772E6F6D672E6F72672F737065632F42504D4E2F32303130303532342F4D4F44454C2220786D6C6E733A62706D6E64693D22687474703A2F2F7777772E6F6D672E6F72672F737065632F42504D4E2F32303130303532342F44492220786D6C6E733A64633D22687474703A2F2F7777772E6F6D672E6F72672F737065632F44442F32303130303532342F44432220786D6C6E733A64693D22687474703A2F2F7777772E6F6D672E6F72672F737065632F44442F32303130303532342F44492220786D6C6E733A666C6F7761626C653D22687474703A2F2F666C6F7761626C652E6F72672F62706D6E222069643D226469616772616D5F50726F636573735F3136353133383831323133343822207461726765744E616D6573706163653D22687474703A2F2F666C6F7761626C652E6F72672F62706D6E22207873693A736368656D614C6F636174696F6E3D22687474703A2F2F7777772E6F6D672E6F72672F737065632F42504D4E2F32303130303532342F4D4F44454C2042504D4E32302E787364223E0A20203C62706D6E323A70726F636573732069643D2250726F636573735F3136353133383831323133343822206E616D653D22E6BC94E7A4BAE6B581E7A88B2220697345786563757461626C653D2274727565223E0A202020203C62706D6E323A73746172744576656E742069643D224576656E745F31356261617269223E0A2020202020203C62706D6E323A6F7574676F696E673E466C6F775F317766613332683C2F62706D6E323A6F7574676F696E673E0A202020203C2F62706D6E323A73746172744576656E743E0A202020203C62706D6E323A757365725461736B2069643D2241637469766974795F3066656237336722206E616D653D2261646D696EE5AEA1E6A0B82220666C6F7761626C653A64617461547970653D2255534552532220666C6F7761626C653A61737369676E65653D22312220666C6F7761626C653A746578743D2261646D696E223E0A2020202020203C62706D6E323A696E636F6D696E673E466C6F775F317766613332683C2F62706D6E323A696E636F6D696E673E0A2020202020203C62706D6E323A6F7574676F696E673E466C6F775F307A637A6973773C2F62706D6E323A6F7574676F696E673E0A202020203C2F62706D6E323A757365725461736B3E0A202020203C62706D6E323A73657175656E6365466C6F772069643D22466C6F775F317766613332682220736F757263655265663D224576656E745F3135626161726922207461726765745265663D2241637469766974795F3066656237336722202F3E0A202020203C62706D6E323A757365725461736B2069643D2241637469766974795F3161653638766322206E616D653D22E6B58BE8AF95E5AEA1E6A0B82220666C6F7761626C653A64617461547970653D22524F4C45532220666C6F7761626C653A63616E64696461746547726F7570733D22524F4C45332220666C6F7761626C653A746578743D22E6B58BE8AF95223E0A2020202020203C62706D6E323A696E636F6D696E673E466C6F775F307A637A6973773C2F62706D6E323A696E636F6D696E673E0A2020202020203C62706D6E323A6F7574676F696E673E466C6F775F30646E317067733C2F62706D6E323A6F7574676F696E673E0A202020203C2F62706D6E323A757365725461736B3E0A202020203C62706D6E323A73657175656E6365466C6F772069643D22466C6F775F307A637A6973772220736F757263655265663D2241637469766974795F3066656237336722207461726765745265663D2241637469766974795F3161653638766322202F3E0A202020203C62706D6E323A656E644576656E742069643D224576656E745F30636C79726E66223E0A2020202020203C62706D6E323A696E636F6D696E673E466C6F775F30646E317067733C2F62706D6E323A696E636F6D696E673E0A202020203C2F62706D6E323A656E644576656E743E0A202020203C62706D6E323A73657175656E6365466C6F772069643D22466C6F775F30646E317067732220736F757263655265663D2241637469766974795F3161653638766322207461726765745265663D224576656E745F30636C79726E6622202F3E0A20203C2F62706D6E323A70726F636573733E0A20203C62706D6E64693A42504D4E4469616772616D2069643D2242504D4E4469616772616D5F31223E0A202020203C62706D6E64693A42504D4E506C616E652069643D2242504D4E506C616E655F31222062706D6E456C656D656E743D2250726F636573735F31363531333838313231333438223E0A2020202020203C62706D6E64693A42504D4E456467652069643D22466C6F775F30646E317067735F6469222062706D6E456C656D656E743D22466C6F775F30646E31706773223E0A20202020202020203C64693A776179706F696E7420783D223538302220793D2231383022202F3E0A20202020202020203C64693A776179706F696E7420783D223634322220793D2231383022202F3E0A2020202020203C2F62706D6E64693A42504D4E456467653E0A2020202020203C62706D6E64693A42504D4E456467652069643D22466C6F775F307A637A6973775F6469222062706D6E456C656D656E743D22466C6F775F307A637A697377223E0A20202020202020203C64693A776179706F696E7420783D223432302220793D2231383022202F3E0A20202020202020203C64693A776179706F696E7420783D223438302220793D2231383022202F3E0A2020202020203C2F62706D6E64693A42504D4E456467653E0A2020202020203C62706D6E64693A42504D4E456467652069643D22466C6F775F317766613332685F6469222062706D6E456C656D656E743D22466C6F775F31776661333268223E0A20202020202020203C64693A776179706F696E7420783D223236382220793D2231383022202F3E0A20202020202020203C64693A776179706F696E7420783D223332302220793D2231383022202F3E0A2020202020203C2F62706D6E64693A42504D4E456467653E0A2020202020203C62706D6E64693A42504D4E53686170652069643D224576656E745F313562616172695F6469222062706D6E456C656D656E743D224576656E745F31356261617269223E0A20202020202020203C64633A426F756E647320783D223233322220793D22313632222077696474683D22333622206865696768743D22333622202F3E0A2020202020203C2F62706D6E64693A42504D4E53686170653E0A2020202020203C62706D6E64693A42504D4E53686170652069643D2241637469766974795F306665623733675F6469222062706D6E456C656D656E743D2241637469766974795F30666562373367223E0A20202020202020203C64633A426F756E647320783D223332302220793D22313430222077696474683D2231303022206865696768743D22383022202F3E0A2020202020203C2F62706D6E64693A42504D4E53686170653E0A2020202020203C62706D6E64693A42504D4E53686170652069643D2241637469766974795F316165363876635F6469222062706D6E456C656D656E743D2241637469766974795F31616536387663223E0A20202020202020203C64633A426F756E647320783D223438302220793D22313430222077696474683D2231303022206865696768743D22383022202F3E0A2020202020203C2F62706D6E64693A42504D4E53686170653E0A2020202020203C62706D6E64693A42504D4E53686170652069643D224576656E745F30636C79726E665F6469222062706D6E456C656D656E743D224576656E745F30636C79726E66223E0A20202020202020203C64633A426F756E647320783D223634322220793D22313632222077696474683D22333622206865696768743D22333622202F3E0A2020202020203C2F62706D6E64693A42504D4E53686170653E0A202020203C2F62706D6E64693A42504D4E506C616E653E0A20203C2F62706D6E64693A42504D4E4469616772616D3E0A3C2F62706D6E323A646566696E6974696F6E733E0A, 0);
INSERT INTO `act_ge_bytearray` VALUES ('88436d4f-cee7-11ec-a0a2-005056c00001', 1, '演示流程.Process_1651388121348.png', '879e53ad-cee7-11ec-a0a2-005056c00001', 0x89504E470D0A1A0A0000000D49484452000002B0000000E608060000002D0CB6750000123A4944415478DAEDDD7B8C54659A07601235193363F40F8D6B1CA326C64CCC462766FF58E39A18B3C6316A1C13116940B411F1425AC45B34A80BE275B13520512311D631BA841170897157406E611A6563586E926555049A964657051DE4A267CF5BE9537BBAFA422374D7ED799237555DD57437DD6FCEF7ABEF7CF59D41830000000000000000000000000000000000000000000000000000000000000000000000000000000000000000000000000000000000000000000000000000000000000000000000000000000000000000000000000000000000000000000000000000000000000000000000000000000000000000000000000000000000000000000000000000000000000000000000000000000000000000000000000000000000000000000000000000000000000000000000000000000000000000000000000000000000000000000000000000000000000000000000000000000000000000000000000000000000000000000000000000000000000000000000000000000000000000000000000000000000000000000000000000000000000000000000000000000000000000000000000000000000000000000000000000000000000000000000000000000000000000000000000000000000000000000000000000000000000000000000000000000000000000000000000000A046254972EC679F7D3667D5AA553F2D5EBC3859B870A11AE05AB46851B27CF9F2AFD21AAEFFF483FE03804388F0B062C58AA4BDBD3DD9B76F9F2A53EDDAB52B59B66CD9776998B85EFF29FD0700BD88992FE1A16242C4BE850B177EA2FF94FE03805EC4695B8377E5541A200EE83FA5FF00A017B106CEC05D510122D17F4AFF01C0510810DF7FDB967CB67A66B261D1A442C5FD78CCA02F40E83FFD0700151720F67CD39AACFF8F4792FF7AF7FE4E158FC573067E0142FFE93F00A8A800B16DC3BF75090F596DDFB0C0C02F40E83FFD07009515203E59F24C8F01229E33F00B10FA4FFF0140450588F50BFFA9C70011CF19F80508FDA7FF0040801020F49FFED37F00F04B0344BCEBBBA70011CF19F80508FDA7FF00A0A202C4E6952FF61820E23903BF00A1FFF41F00545480F8BA756DB2FEFDC7BA9EBE4D1F8BE70CFC0284FED37F0050510122EAF3FF7CBD4B8088C70CFA0284FED37F00507901E2C71F93CD7F79A9EBE9DBF4B178CEC02F40E83FFD0700151320E24A47FFBD725A8F6B10E33957431220F49FFE0380F207881F7F4CDA367F90ACFBF7877B0C0F59C5E7C4E79A0D1320F49FFE0380B2048843CD7A990D1320F49FFE03808A0A107D99F5EA6D364C101020F49FFE0380010D10BF343C6425080810FA4FFF01C08006082540E83FFD47CF6EBEF9E6936EBCF1C6EBD39A96564B5A6D6925B98A8F5B860C19F2EAD0A14387A775B2DF1AD0ABEDDBB75F306FDEBC17A64F9FBE7EC284097BC68E1DFBD3B061C38A0796D1A347EFBFF7DE7BBF9E3871E2F22953A6DC9E1E887E25C01AB80508FDA704D8434903E9D5E938B2200DA4074B02EB212BFD370BD3FAE3A5975E7AACDF24509024C9B12D2D2D0F4C9D3AB52D0DA8C9534F3D95CC9D3B3759B3664DD2DADA9A1C3C7830C97CFDF5D7C9DAB56B93F9F3E7272FBEF8629206D883F7DF7FFF5F1A1B1B2F10609500A1FFF41FA5D200FA7769F85C75B8A1B5875A9D7EAD3FF8AD429D5BB66C59E3F3CF3FBFE7CE3BEF4CE6CC9993B4B5B52587E39B6FBE291CB4EFBAEBAE034D4D4D2BD383CB5902841220F49FFE23664BD3B0F9547733AE0F3EF86061CC59B97265B275EBD664EFDEBD853165FFFEFD858F57AD5A55984879E491477A0AB2D3EAFD0C20D4EDACEBECD9B3D7353636266FBDF556F1E0F14BC52C6DCCCA8E1831E2C0A851A31E14209400A1FFF45FFD1A366CD86F4B675DD3F121993973E6614F946CD9B225993163469CF12B0DB1EBE2FBF86D439D480F1E674D9B36AD7DDCB8718503C3D1145FEF9E7BEED93B7AF4E837EAE1D5B1002140E83F25C0769606D7DF353434ECC887CD589AD6DEDE7E44E34B2C619B3469526988DD566F67FEA06EC36B2C1988D33271FABF3FC46CEE134F3CF1C3A851A3DEABF505F7028400A1FF9400DB79E6351F5E63D675E9D2A59DDE4B71A456AC5851F8BA422CD48958361033AF115E8F74C9405F96144C9E3C79777A90992140280142FFE9BFDAD7B1E6B5B86C2076B0D9B46953BF8C31B146B66449C1BAC18307FFC6480F3528D6BCC6B281DDBB7727032142725353D3EEF420F68000A10408FDA7FF6A5BBC612B3FF3DA5FE1351F62F3DB3CC61BBB8CF45063962F5F3E3ADEB075B4D7BCF6654D6C7A80D99BBE323E4780500284FED37FB5A963ABACE26E03B16C6020C4728292FD626DB105B522960E3CF7DC73DFC76E03E53077EEDC6FD3103B5780500284FED37F353BFBBA2AFF86ADA3B9E6F5504ADED8B5DAC50EA046C4450A629FD7FE5EF7DADB7AD8C6C6C69D0D0D0DBF17209400A1FFF45F6DE9B8C25671E9C091EE36F04B7627C8AF878D2B7619F9A106343737B7C586D1E5B460C1827897E89F04082540E83FFD575BE2F2B059788C7D5ECBE18D37DEE874D959233F54B9EDDBB75F1097873DDC8DA38FB6D8B2ABA1A1E17F6B6D6F58014280D07FAA9E036C7A4C3F29BFF6B55C634DCCFAE6DFD095FE4C274B0050C5E6CD9BF7C2B3CF3E9B5482871E7A68759C6AAA86DF5BBC824FEB1F04080142FFA97A0DB07DE9C3342C5E9FBF3C6C39E52F3B9BFEDCC32500A86253A74EDD10D793AE04B366CD5A572DDB9CE44F45A5A1FBEF05080142FFA97A0BB07DE9C338A6679F57EEA56A31D6653F4BFAF3BE2A0140159B3061C29E356BD6544480FDF8E38F37A70796966A3A70E7EABDEE662204080142FFA95A0FB0BDF5611CD3B3E757AE5C59D63126F685CDFDAC2D120054B1B163C7FE54EEF5AF99AFBEFAEAFBF4A0D256A507EEE24C44FE002E400810FA4FD55180EDD287714CCF1EDFBA756B59C798D6D6D6FCCFD9260140158B45ED03B91FDFA1C481A59A0FDCF9998838A526400810FA4FD55B80CDF761FEE3FDFBF797757C89EF9FFF792400A8F2035025E9C301B1AA4A80A8ACAAB5FED27FFAAF9AAAD2C6180900CCC01E2D7B6A6006B6B0934276A5977A0C10E97F3B993265CA213F272E5D9C7DFCDD77DF151EEBEFDF571DCCC096B5FF162F5E9CBCF7DE7BB19E3DB9EAAAAB9277DE7927B9EEBAEB92C71E7BACD3DF3EBBFFF9E79F273FFCF04397AFF3EEBBEF26175D745172CD35D724BB76EDAACA5EABF319D8621FE61F2FD7C572CCC0420DBAE38E3BF655CA1AD89D3B77AEAFE235B09D8243A69C013682440CD4F9C0D097F079F1C5171FD6F759B66C5921A8DC74D34D85DBD34E3B2DB9E4924B0AF7A3DE7EFBEDE4ECB3CFEEF27DE2CA381126B2CF8DC76EBFFDF6E2FD4D9B36091055D87FF1B79B31634672E69967163E8EBFE715575C914C9B36AD1060F2FD1857488A8FA347F25F63C18205C979E79D57E881783EDEFC536DBD56A701B64B1FE6D7C06ED9B2C51A58E0E878E08107BEAC945D085A5A5A9656E12E042D7159C29EAEAD5DEE19D859B3661506E8F477DBAF8165F6ECD99D3E7EFCF1C78B1F1F77DC71B1C76FE17ECCA6456838E6986392F3CF3F3F79FAE9A70BA12666ECE2DFC5AD00519DFDB76DDBB664FBF6EDC5D01A573E3AF7DC7393A6A6A64E41B1F405557CBC7EFDFAC20BA7A8F8DC89132716FA26FB77F3E6CDABBA5EABB300DB631FDA8500E81793264D7ABF52F6816D6E6E5E5045FBC0763BE355690136F65DCCCF60F547EDD9B3A770EA389B051BD471CA363B7D1CB365F9CFCF66E1AEBDF6DA4E41245E48C5A9E3B81F614880A8BEFECB8261DCBEF6DA6B85DB5B6FBDB5D8175F7EF96531C0C6F28178FCF8E38F2FFC5DF24B09E2CA7CF1797116A15A7BAD4E02EC21FB30BF0F6CBCF8B00F2C70543CF3CC33B74C9932E5E74A08B063C68C59502D57E2EAABFE081031B375CE39E71497076CDCB8B1D3F3110C2EBCF0C2C273975D7659E176F2E4C9C53091CD5AC56D3AF014D72E665FEFE5975FEE124AA262562CD625C6FD6C962BFF391196B3FB1128B2650C279E7862B7A1222A4E15C76D9C0A7EF3CD370BF757AC5821405470FFF5566BD7AE2D9CE68F5E883E8DBFE7F8F1E3BB0DB0D107592FC40C6C164C6319C00B2FBC50787CF3E6CDDD86E46AE835FD570CB0AEC4051C7D37DF7CF3AF1A1B1BF7C75AB432EF011BEB5F77C5CF23401C7A962B0EC0311B35A89B35AEC3870F2F3C16B358F7DD775F3120C4EDF4E9D30BB7BFFEF5AF8B83787E76363E3EF5D453BBFD9E51F13D632DE3A09253B0833AD6CE96CE8A4558C8CF7E45C52C4C36BB16EB2463362C66DFF2B377B13E5180A8BE001B15FD932D21C8EEC71280D2009BEF9D08BED103F1B9A79C724A97A0DADD3AED4AEF35FD571C634E4A8F5707B2E0F8E9A79F96658C696F6F4F1A1A1A7ECE05D8932500A872E9ABE225313B514E6928FA97F4A0F22701E2D0156120DEE01203727701363E8EB587A54B080675AC25CC9EEF6E79413643D55D6838FDF4D37B5C967038A1221E3BE38C330A336ED95AC5F83731B0BDFFFEFBC5C02D40545780FDE28B2F0A2F8AA24FB2009BCDDCC74CE7A08ED3F53D05D858A75D1A6063DDEA9104D872F69AFEEB340BBB200B8EAFBCF24A59C698E8C7FC85168CFC5003D201E082DB6EBBED60B9B6383978F0E0B6F480F23FE9ABE3DF0B107D9B818D8139FE5E1D5BC1243B76ECE8325B1AF7E3547FDCFFE8A38F8A6F8089DB78A776767FC992259DFEED09279CD06B80CDFE5D160AB2D3B7F9CFCD4EEBC69B76F24B1CB26D93E28D35113C22B864EF56CF4EF1F6E79B6B04D8FEADF8BBC68E03714627BE772C39696E6E2E6E8D55BA0B41D62FF1E6ABE8E12C8846708D409BF576BE47ABA5D7F4DFFF8BA56159781C31624461367420453F8E1C39323FFBFA47233FD488BBEFBE7B59B9DECCF5E4934FCE4A0F2A730488BE5536F80ECAADEBCB878218C86386351E1B3B766CF1F9A80817D9FD98AD8ADBCB2FBFBCD31AD8D2AF57FAD895575ED9EBF65CF950D15B084F5FB074DA4A295B571BF7630F5101A2FA02ECA08E75D7D952816CC635D65AC7F293D27D60B38F5F7FFDF5E2BAECD23D634B5F2C554BAFE9BF2EB3B0C5DD08264D9A34A0FB8FC7F7CB6FF575A8373F025564F0E0C17F73CB2DB7EC1BE87DFA366EDCB82C3DA0EC49BFFF390244ED5CC8A02FA1227E37F1869F98A5EBEEF9FE78838D00DBBF1533FDF177CB66EBA3B235A7B1C556DC66B3A0F9375A65A7F77BEA9578E1556DBDA6FF3ABBE1861BFE31BF67ECD2A54B07648C89BF6DFEFB0E1D3AF40F467CA8310D0D0D4DE3C68DFBEB402D254807B60DE9F7DC901E54EE13209400A1FFF45FCDCFC2FE731624E32A90112EFB7BDFD7E1C387FF9C0BB0D38CF450A3468D1AF5FAC48913FB3DC41E3C78704B6363E307E901E52501420910FA4FFFD5BE8E4BCBB6E4436C7F5DDC20C2EBC891237FCA85D77583070FFE8D511E6AF8009306CB771E7DF4D1DDFD156263E6350DCA4B62DD6BAD6D9B25400810FA4FE9BF9EA5A1F5B7E9B17F733EC4C67282A3B9263666764B665EB7A57596111EEA20C4363434BCD2D4D4B4FB68AF898D35AF1DCB065EAAF5F02A400810FA4F09B05D4598CC87D8EC8D5D47BA3B41BC49AFE40D5BC22BD4A32143868C4D5F1D7F3F7BF6EC6FF6EFDF7FC45B6575EC36B0A796D7BC0A100284FE53FAAFCF33B12DF9B0195B6CCD9C3933696B6B3BEC8B14C43EAFF9ADB2B26503C22BD4A9D89D60E8D0A17F4E0F0CDFCE9933E7D3F415EE81C3BDC2565CA420FD1A9B62C9407AFB3B01420910FA4FFF1167FB860C19F27C49E82CD4C30F3F5CD8733AD6C8C699C06C12256E5B5B5B0B6B5CE7CF9F5FB83C6CFE0A5BF9376C59F30AC46CECDFA6F56A7AA0D83D7EFCF8353366CC58F3E1871F7EBA63C78E1F7279754F04D6969696A5CDCDCD0BC68C1913575FD99586D6B76AF12205028400A1FF94FE3B721D5B6CB57417647F41ADB65516D045AC5BED38D8C47628F146ACCFF3D7B94EABADE340342DAEBE520FEB5C05080142FF29FD7754264AAEEEB8ECEC81C30DAE7179D8B8C2968B140008100284FE53FAAF1C132527A561F6C69808E99810692B09AC858992382B9886D6E1B1D4CD6F0D40801020F49FD27F0008B04A80D07FFA4F80054080500284FED37F0020400810FA4FE93F0004582540E83F25C0022040280142FFE93F0010200408FDA7F41F0002AC815B80D07F4A80054080500284FED37F0020400810FA4FE93F000458014280D07F4A80054080500284FED37F0020400810FA4FE93F0010200408FDA704580004082540E83FFD0700028400A1FF94FE0300014280D07F4A8005A0FA2C5EBCD8C05D39B5370D1007F49FD27F00D08BE5CB97B7B5B7B71BBC2BA05A5B5BFF350D109FE83FA5FF00A0171F7CF0C1B54B972EFD76E7CE9D7F3588976FE62BC2C3A2458BBE48EB7AFDA7F41F001C423A685DBD70E1C2D571FA30D6C0A901AFF8BD7F52AFE141FFE93F0000000000000000000000000000000000000000000000008ED0FF011EFBF47F32863B1F0000000049454E44AE426082, 1);
INSERT INTO `act_ge_bytearray` VALUES ('acada864-ca27-11ec-8479-005056c00001', 1, 'hist.var-variables', NULL, 0xACED00057372001F636F6D2E616C69626162612E666173746A736F6E2E4A534F4E4F626A65637400000000000000010200014C00036D617074000F4C6A6176612F7574696C2F4D61703B7870737200116A6176612E7574696C2E486173684D61700507DAC1C31660D103000246000A6C6F6164466163746F724900097468726573686F6C6478703F4000000000000C7708000000100000000B740007666F726D526566740006656C466F726D740006677574746572737200116A6176612E6C616E672E496E746567657212E2A0A4F781873802000149000576616C7565787200106A6176612E6C616E672E4E756D62657286AC951D0B94E08B02000078700000000F74000473697A657400066D656469756D740009666F726D52756C657374000572756C657374000D6C6162656C506F736974696F6E7400057269676874740008666F726D42746E73737200116A6176612E6C616E672E426F6F6C65616ECD207280D59CFAEE0200015A000576616C756578700074000A6C6162656C57696474687371007E00080000006474000864697361626C65647371007E001201740009666F726D4D6F64656C740008666F726D446174617400066669656C64737372001E636F6D2E616C69626162612E666173746A736F6E2E4A534F4E417272617900000000000000010200014C00046C6973747400104C6A6176612F7574696C2F4C6973743B7870737200136A6176612E7574696C2E41727261794C6973747881D21D99C7619D03000149000473697A657870000000017704000000017371007E00007371007E00033F4000000000000C7708000000100000000B740009636C65617261626C6571007E001774000A5F5F636F6E6669675F5F7371007E00007371007E00033F400000000000187708000000200000000D740006666F726D49647371007E00080000006574000C64656661756C7456616C7565740006E8B685E7AEA1740008646F63756D656E7474003068747470733A2F2F656C656D656E742E656C656D652E636E2F232F7A682D434E2F636F6D706F6E656E742F696E7075747400056C6162656C74000CE69DA5E88085E4BD95E4BABA74000973686F774C6162656C71007E0017740008726571756972656471007E001774000972656E6465724B6579740010313031313635313338383930393734307400066C61796F757474000B636F6C466F726D4974656D74000774616749636F6E740005696E7075747400096368616E676554616771007E0017740003746167740008656C2D696E7075747400077265674C6973747371007E001B7371007E001E000000017704000000017371007E00007371007E00033F4000000000000C7708000000100000000374000774726967676572740004626C75727400076D65737361676574001BE69DA5E88085E4BD95E4BABAEFBC8CE68AA5E4B88AE5908DE69DA571007E002F71007E001778787400047370616E7371007E00080000001878740008726561646F6E6C7971007E001374000A5F5F764D6F64656C5F5F7400086669656C643130317400057374796C657371007E00007371007E00033F4000000000000C770800000010000000017400057769647468740004313030257871007E001671007E001374000B706C616365686F6C64657274001BE69DA5E88085E4BD95E4BABAEFBC8CE68AA5E4B88AE5908DE69DA574000F73686F772D776F72642D6C696D697471007E00137400085F5F736C6F745F5F7371007E00007371007E00033F4000000000000C7708000000100000000274000770726570656E64740000740006617070656E647400007874000B7072656669782D69636F6E74000074000B7375666669782D69636F6E740000787871007E004271007E004378, NULL);
INSERT INTO `act_ge_bytearray` VALUES ('f686c483-cc50-11ec-b4ba-005056c00001', 1, '请假流程测试.bpmn', 'f686c482-cc50-11ec-b4ba-005056c00001', 0x3C3F786D6C2076657273696F6E3D22312E302220656E636F64696E673D225554462D38223F3E0A3C62706D6E323A646566696E6974696F6E7320786D6C6E733A7873693D22687474703A2F2F7777772E77332E6F72672F323030312F584D4C536368656D612D696E7374616E63652220786D6C6E733A62706D6E323D22687474703A2F2F7777772E6F6D672E6F72672F737065632F42504D4E2F32303130303532342F4D4F44454C2220786D6C6E733A62706D6E64693D22687474703A2F2F7777772E6F6D672E6F72672F737065632F42504D4E2F32303130303532342F44492220786D6C6E733A64633D22687474703A2F2F7777772E6F6D672E6F72672F737065632F44442F32303130303532342F44432220786D6C6E733A64693D22687474703A2F2F7777772E6F6D672E6F72672F737065632F44442F32303130303532342F44492220786D6C6E733A666C6F7761626C653D22687474703A2F2F666C6F7761626C652E6F72672F62706D6E222069643D226469616772616D5F50726F636573735F3136353137343033383932373022207461726765744E616D6573706163653D22687474703A2F2F666C6F7761626C652E6F72672F62706D6E22207873693A736368656D614C6F636174696F6E3D22687474703A2F2F7777772E6F6D672E6F72672F737065632F42504D4E2F32303130303532342F4D4F44454C2042504D4E32302E787364223E0A20203C62706D6E323A70726F636573732069643D2250726F636573735F3136353137343033383932373022206E616D653D22E8AFB7E58187E6B581E7A88BE6B58BE8AF952220697345786563757461626C653D2274727565223E0A202020203C62706D6E323A73746172744576656E742069643D224576656E745F31396A33696831223E0A2020202020203C62706D6E323A6F7574676F696E673E466C6F775F3168656135366E3C2F62706D6E323A6F7574676F696E673E0A202020203C2F62706D6E323A73746172744576656E743E0A202020203C62706D6E323A757365725461736B2069643D2241637469766974795F307334397A746722206E616D653D22E8AFB7E58187E794B3E8AFB72220666C6F7761626C653A64617461547970653D22494E49544941544F522220666C6F7761626C653A61737369676E65653D22247B696E69746961746F727D2220666C6F7761626C653A746578743D22E6B581E7A88BE58F91E8B5B7E4BABA223E0A2020202020203C62706D6E323A696E636F6D696E673E466C6F775F3168656135366E3C2F62706D6E323A696E636F6D696E673E0A2020202020203C62706D6E323A6F7574676F696E673E466C6F775F316C74667836793C2F62706D6E323A6F7574676F696E673E0A202020203C2F62706D6E323A757365725461736B3E0A202020203C62706D6E323A73657175656E6365466C6F772069643D22466C6F775F3168656135366E2220736F757263655265663D224576656E745F31396A3369683122207461726765745265663D2241637469766974795F307334397A746722202F3E0A202020203C62706D6E323A6578636C7573697665476174657761792069643D22476174657761795F30346E6B317830223E0A2020202020203C62706D6E323A696E636F6D696E673E466C6F775F316C74667836793C2F62706D6E323A696E636F6D696E673E0A2020202020203C62706D6E323A6F7574676F696E673E466C6F775F307335706339363C2F62706D6E323A6F7574676F696E673E0A2020202020203C62706D6E323A6F7574676F696E673E466C6F775F30756F37626E703C2F62706D6E323A6F7574676F696E673E0A202020203C2F62706D6E323A6578636C7573697665476174657761793E0A202020203C62706D6E323A73657175656E6365466C6F772069643D22466C6F775F316C74667836792220736F757263655265663D2241637469766974795F307334397A746722207461726765745265663D22476174657761795F30346E6B31783022202F3E0A202020203C62706D6E323A757365725461736B2069643D2241637469766974795F316931777A346522206E616D653D2261646D696EE5AEA1E689B92220666C6F7761626C653A64617461547970653D22524F4C4553223E0A2020202020203C62706D6E323A696E636F6D696E673E466C6F775F307335706339363C2F62706D6E323A696E636F6D696E673E0A2020202020203C62706D6E323A6F7574676F696E673E466C6F775F31696B3937666C3C2F62706D6E323A6F7574676F696E673E0A202020203C2F62706D6E323A757365725461736B3E0A202020203C62706D6E323A73657175656E6365466C6F772069643D22466C6F775F3073357063393622206E616D653D22E5A4A7E4BA8E33E5A4A92220736F757263655265663D22476174657761795F30346E6B31783022207461726765745265663D2241637469766974795F316931777A3465223E0A2020202020203C62706D6E323A636F6E646974696F6E45787072657373696F6E207873693A747970653D2262706D6E323A74466F726D616C45787072657373696F6E223E247B6C65617665446179732667743B337D3C2F62706D6E323A636F6E646974696F6E45787072657373696F6E3E0A202020203C2F62706D6E323A73657175656E6365466C6F773E0A202020203C62706D6E323A757365725461736B2069643D2241637469766974795F306666716B686E22206E616D653D22E5BCA0E4B889E5AEA1E689B92220666C6F7761626C653A64617461547970653D2255534552532220666C6F7761626C653A61737369676E65653D2232362220666C6F7761626C653A746578743D22E5BCA0E4B889223E0A2020202020203C62706D6E323A696E636F6D696E673E466C6F775F30756F37626E703C2F62706D6E323A696E636F6D696E673E0A2020202020203C62706D6E323A6F7574676F696E673E466C6F775F30613064726F723C2F62706D6E323A6F7574676F696E673E0A202020203C2F62706D6E323A757365725461736B3E0A202020203C62706D6E323A73657175656E6365466C6F772069643D22466C6F775F30756F37626E7022206E616D653D22E5B08FE4BA8EE7AD89E4BA8E33E5A4A92220736F757263655265663D22476174657761795F30346E6B31783022207461726765745265663D2241637469766974795F306666716B686E223E0A2020202020203C62706D6E323A636F6E646974696F6E45787072657373696F6E207873693A747970653D2262706D6E323A74466F726D616C45787072657373696F6E223E247B6C656176654461797320266C743B3D20337D3C2F62706D6E323A636F6E646974696F6E45787072657373696F6E3E0A202020203C2F62706D6E323A73657175656E6365466C6F773E0A202020203C62706D6E323A656E644576656E742069643D224576656E745F31753974667163223E0A2020202020203C62706D6E323A696E636F6D696E673E466C6F775F30613064726F723C2F62706D6E323A696E636F6D696E673E0A2020202020203C62706D6E323A696E636F6D696E673E466C6F775F31696B3937666C3C2F62706D6E323A696E636F6D696E673E0A202020203C2F62706D6E323A656E644576656E743E0A202020203C62706D6E323A73657175656E6365466C6F772069643D22466C6F775F30613064726F722220736F757263655265663D2241637469766974795F306666716B686E22207461726765745265663D224576656E745F3175397466716322202F3E0A202020203C62706D6E323A73657175656E6365466C6F772069643D22466C6F775F31696B3937666C2220736F757263655265663D2241637469766974795F316931777A346522207461726765745265663D224576656E745F3175397466716322202F3E0A20203C2F62706D6E323A70726F636573733E0A20203C62706D6E64693A42504D4E4469616772616D2069643D2242504D4E4469616772616D5F31223E0A202020203C62706D6E64693A42504D4E506C616E652069643D2242504D4E506C616E655F31222062706D6E456C656D656E743D2250726F636573735F31363531373430333839323730223E0A2020202020203C62706D6E64693A42504D4E456467652069643D22466C6F775F3168656135366E5F6469222062706D6E456C656D656E743D22466C6F775F3168656135366E223E0A20202020202020203C64693A776179706F696E7420783D223231382220793D2233303022202F3E0A20202020202020203C64693A776179706F696E7420783D223237302220793D2233303022202F3E0A2020202020203C2F62706D6E64693A42504D4E456467653E0A2020202020203C62706D6E64693A42504D4E456467652069643D22466C6F775F316C74667836795F6469222062706D6E456C656D656E743D22466C6F775F316C7466783679223E0A20202020202020203C64693A776179706F696E7420783D223337302220793D2233303022202F3E0A20202020202020203C64693A776179706F696E7420783D223432352220793D2233303022202F3E0A2020202020203C2F62706D6E64693A42504D4E456467653E0A2020202020203C62706D6E64693A42504D4E456467652069643D22466C6F775F307335706339365F6469222062706D6E456C656D656E743D22466C6F775F30733570633936223E0A20202020202020203C64693A776179706F696E7420783D223437352220793D2233303022202F3E0A20202020202020203C64693A776179706F696E7420783D223638302220793D2233303022202F3E0A20202020202020203C62706D6E64693A42504D4E4C6162656C3E0A202020202020202020203C64633A426F756E647320783D223535382220793D22323832222077696474683D22343022206865696768743D22313422202F3E0A20202020202020203C2F62706D6E64693A42504D4E4C6162656C3E0A2020202020203C2F62706D6E64693A42504D4E456467653E0A2020202020203C62706D6E64693A42504D4E456467652069643D22466C6F775F30756F37626E705F6469222062706D6E456C656D656E743D22466C6F775F30756F37626E70223E0A20202020202020203C64693A776179706F696E7420783D223435302220793D2233323522202F3E0A20202020202020203C64693A776179706F696E7420783D223435302220793D2235313022202F3E0A20202020202020203C62706D6E64693A42504D4E4C6162656C3E0A202020202020202020203C64633A426F756E647320783D223433342220793D22343135222077696474683D22363222206865696768743D22313422202F3E0A20202020202020203C2F62706D6E64693A42504D4E4C6162656C3E0A2020202020203C2F62706D6E64693A42504D4E456467653E0A2020202020203C62706D6E64693A42504D4E456467652069643D22466C6F775F30613064726F725F6469222062706D6E456C656D656E743D22466C6F775F30613064726F72223E0A20202020202020203C64693A776179706F696E7420783D223530302220793D2235353022202F3E0A20202020202020203C64693A776179706F696E7420783D223731322220793D2235353022202F3E0A2020202020203C2F62706D6E64693A42504D4E456467653E0A2020202020203C62706D6E64693A42504D4E456467652069643D22466C6F775F31696B3937666C5F6469222062706D6E456C656D656E743D22466C6F775F31696B3937666C223E0A20202020202020203C64693A776179706F696E7420783D223733302220793D2233343022202F3E0A20202020202020203C64693A776179706F696E7420783D223733302220793D2235333222202F3E0A2020202020203C2F62706D6E64693A42504D4E456467653E0A2020202020203C62706D6E64693A42504D4E53686170652069643D224576656E745F31396A336968315F6469222062706D6E456C656D656E743D224576656E745F31396A33696831223E0A20202020202020203C64633A426F756E647320783D223138322220793D22323832222077696474683D22333622206865696768743D22333622202F3E0A2020202020203C2F62706D6E64693A42504D4E53686170653E0A2020202020203C62706D6E64693A42504D4E53686170652069643D2241637469766974795F307334397A74675F6469222062706D6E456C656D656E743D2241637469766974795F307334397A7467223E0A20202020202020203C64633A426F756E647320783D223237302220793D22323630222077696474683D2231303022206865696768743D22383022202F3E0A2020202020203C2F62706D6E64693A42504D4E53686170653E0A2020202020203C62706D6E64693A42504D4E53686170652069643D22476174657761795F30346E6B3178305F6469222062706D6E456C656D656E743D22476174657761795F30346E6B317830222069734D61726B657256697369626C653D2274727565223E0A20202020202020203C64633A426F756E647320783D223432352220793D22323735222077696474683D22353022206865696768743D22353022202F3E0A2020202020203C2F62706D6E64693A42504D4E53686170653E0A2020202020203C62706D6E64693A42504D4E53686170652069643D2241637469766974795F306666716B686E5F6469222062706D6E456C656D656E743D2241637469766974795F306666716B686E223E0A20202020202020203C64633A426F756E647320783D223430302220793D22353130222077696474683D2231303022206865696768743D22383022202F3E0A2020202020203C2F62706D6E64693A42504D4E53686170653E0A2020202020203C62706D6E64693A42504D4E53686170652069643D2241637469766974795F316931777A34655F6469222062706D6E456C656D656E743D2241637469766974795F316931777A3465223E0A20202020202020203C64633A426F756E647320783D223638302220793D22323630222077696474683D2231303022206865696768743D22383022202F3E0A2020202020203C2F62706D6E64693A42504D4E53686170653E0A2020202020203C62706D6E64693A42504D4E53686170652069643D224576656E745F317539746671635F6469222062706D6E456C656D656E743D224576656E745F31753974667163223E0A20202020202020203C64633A426F756E647320783D223731322220793D22353332222077696474683D22333622206865696768743D22333622202F3E0A2020202020203C2F62706D6E64693A42504D4E53686170653E0A202020203C2F62706D6E64693A42504D4E506C616E653E0A20203C2F62706D6E64693A42504D4E4469616772616D3E0A3C2F62706D6E323A646566696E6974696F6E733E0A, 0);
INSERT INTO `act_ge_bytearray` VALUES ('f75f4a34-cc50-11ec-b4ba-005056c00001', 1, '请假流程测试.Process_1651740389270.png', 'f686c482-cc50-11ec-b4ba-005056c00001', 0x89504E470D0A1A0A0000000D4948445200000316000002580806000000FF9B700F000027AA4944415478DAEDDD0B905C759D2FF0B9166CE9AA57A9758BA5580BD9A22CCAB2D472B92516C2E6527881151750C264260919038822261304532891F050568D81994954301A1659DC6C2E096CCA8BCBBCF2A83848288A0DE1B1CB0502240C24E682040C24D173CFAF99D39E74BAE7FDE89E7C3E55FF9A7E4DA7ABA7F3FB9D6FFFCFFF9CBA3A00000000000000000000000000000000000000000000000000000000000000000000000000000000000000000000000000000000000000000000000000000000000000000000000000000000000000000000000000000000000000000000000000000000000000000000000000000000000000000000000000000000000000000000000000000000000000000000000000000000000000000000000000000000000000000000000000000000000000000000000000000000000000000000000000000000000000000000000000000000000000000000000000000000000000000000000000000000000000000000000000000000000000000000000000000000000000000000000000000000000000000000000000000000000000000000000000000000000000000000000000000000000000000000000000000000000000000000000000000000000000000000000000000000000000000000000000000000000000000000000000000000000000000000000000000000000000000000000000000000000000000000000000000000000000000000000000000000000000000000000000000000000000000000000000000000000000000000000000000000000000000000000000000000000000000000000000000000000000000000000000000000000000000000000000000000000000000000000000000000000000000000000000000000000000000000000000000000000000000000000000000000000000000000000000000000000000000000000000000000000000000000000000000000000000000000000000000000000000000000000000000000000000000000000000000000000000000000000000000000000000000000000000000000000000000000000000000000000000000000000000000000000000000000000000000000000000000000000000000000000000000000000000000000000000000000000000000000000000000000000000000000000000000000000000000000000000000000000000000000000000000000000000000000000000000000000000000000000000000000000000000000000000000000000000000000006A4E9224873DFDF4D32BEFBFFFFE3F74767626EDEDEDC6388F8E8E8E64FDFAF5BF4DC70C9F48409F31F419A02645B1DFB06143B263C78EE4CD37DF342668ECDCB93359B76EDDEFD2E27F9E4F25A0CF18FA0C5073E21B24C5BE6A8AFE9BEDEDED8FFB5402FA8CA1CF003527A6A515DBEA1969C1DFE75309E833863E03D49CD8F752A1ADAA829FF85402FA8CA1CF0093B6E0BFF64A6FF2F4A6E5C9A31DD715465C8EDB1469051F409FD167000655F077BFBC3DD9F2EF0B92FFF8E595078CB82DEE53A8157C007D469F0114FC018BD0F38FFEDB41C53E1BDB1E5DA3502BF800FA8C3E0328F80317FCC7BBBF5BB1E0C77D0AB5820FA0CFE83380823F6011DAD2BEB062C18FFB146A051F409FD16700055FC157F001F4197D0660EC0B7E1C9DA352C18FFB146A051F409FD16700057FC022F4E4C625150B7EDCA7502BF800FA8C3E0328F80316A15DDB37275BEEBBE6E0E9E9F4B6B84FA156F001F4197D0650F00755889E79F0F6830A7EDCA6482BF855E6BDDE02D0670C7D06A8D682FFC61BC993BFFED1C1D3D3E96D719F42ADE05789D3D211EFDF19DE0AD0670C7D06A8B2821F673CFDAF8D6D15F77D8DFB9C1555C1AF0227A4E3E574B4F5FD3CCB5B02FA8CA1CF00D550F0DF7823E97DB22B79E457DFA858ECB3118F89C7FA5649C19F203153B1331D4DB9EB112ECC5C803E63E833C04416FC81BE3DF2AD92825F45CEA82B3F4391850D3317A0CF18FA0C3051057F30DF1EF5F7AD92C2ADE08F936CF7A73386183A007D469F01188F823FDC629F0D855BC11F0753EADE9A919831C0E3840BD0670C7D0698A8826F28F8552E5B4371CE201F9F850B6B2E409FD167F41918BC6DDBB67D74F5EAD5372F5DBA74CBD5575FBDFBB2CB2EFBC3F4E9D39369D3A615C6C5175FBCF76B5FFBDAAE6BAFBD76FDA2458BBED4D4D4F476055FA155F06BC68975C35B3B116164B77001FA8C3EA3CF40BF922439ACA7A7E7EBADADADBD6970486EBCF1C664D5AA55C9C30F3F9C6CDFBE3DD9BF7F7F92D9B56B57B279F3E6E4EEBBEF4E962C5992A4C162FF95575EF9EBD9B3677F54C13714FCAA36A56E70BB3F5562B7A81AF095251D7F31AFADEBD24AF7CF6BED38795E6BF769078ECE7F8CDBFB7BDE850BFFF5CF0EFEBDEED39A5B3AAF48C74CEFBC3EA3CF0075EBD6AD9B7DD34D37EDBEF4D24B93952B5726BDBDBDC950BCFCF2CB85FF645FF9CA57F6CD993367E3B469D33EA0E01B0A7ED5C942C139237C9ED3848BEA76794BD7DFC7A81C1016BEADF0B8251D1F9CD7D23DAB6CF8488349736BD76BCDAD9DCB0FFCDDEEC3E2E7DCB6CEA9030511F4197D060E21314BB162C58A4766CF9E9DFCE217BF48F6ECD9938C44CC6AC42CC6CC9933F75D78E185F3157C43C1AF1A9FAA1BDD35120E455B459A6F5A7FD481B3085DDF4B034143767D6E4BD7E2AFB6AEFFCB837EAFB5EB7369B028FB99487F7FF3E54BD7BD3FC245D9FBDBBA5AB380823EA3CFC021AEB7B7F7036D6D6D3B9A9B9B93AD5BB726A3299E6FDEBC797B2EBEF8E23B0E85F5170ABE825F03A12242C079A3FCBC16745789D20DFC340CFC53B98DFE392DDD1F3E6017A6D6AE9FC6CC46E17A1A3022801CF83CDDD3D390726D5C2ECC6EE47E377DEC3F17AFB774CF9ADBDA3DDF5F429FD167E0100D15B1EBD382050B0ABB318D8598FDF8F6B7BFFDFA85175E78EF9429530E53F00D057F4264BB2D9D3786CF6F417715F9E22D6BFE7C6E6BE7A2B937777D6210016449A5E799DBD65D1FB3160B9777BFBDF4770B21A3ADEBD24AB31DE833FA0C1C2262F7A798A9885031D25D9F06B36BD40D37DCF0EACC99339729F886823FEEB2DD9F6277A5FF968E597D3F47A2DCF3D82DAA8AA461A0F96B4B3A8F4983C185033DB67486A24CB858D5DCD67DD09A9C082EB1903BD65978C7F5197D060E61B1A622767F7AF5D55793F110E165CE9C39AF4E9F3EFDEB0ABEA1E08F6BA8C8767F8A10F0D3F85EA1EFE770C3457FCFE36851D5102A6EEAFE5816286237A6D8F5A9D263631176ACC5A8104E96CFBDB9E323E9FD0FCE69E9FADB92B0519F2DDA9EDBDA35277DDC91DE797D469F8143D0FAF5EB2F8E85DAA3BDA662306B2ED260B167EAD4A9C729F886823FE6B28DFC6CF7A7597D61201941B8C8878A6C5C50F2986CB72BBBC74C803404FC5D2CD83E300474FE2266154A77817AEBB0B11D27579A71686EEB5AD0DCDAF5FBE6B6EE6B0E7CBEAE7FC81F09EAD2A5DDEF4A1FD71D81C65F409FD167E01012BB40FDE0073F782D8EFE341156AD5AF54A1A2E5629F886823FA6A694D9B82F170A86122ECAFDFEB20ABF6FB7A8F10E144BBB8F8B8DFD388253E97DB13EA2B9A5FB9BA5F7C52C441A0836C4F92E06F36FC4AC4404972FFF70C311A5F7BD75E4A8CEE5F36EEAF81B7F0D7D469F8143449CFC2ECE5331D6EB2AFA5B6F317BF6EC971A1B1B3FA6E01B0AFE9838B1AEF2792A861B2E86122A32768B027D469F81C96CF1E2C5BD71F2BB89B466CD9AE7A74D9BF67305DF50F0475DB61B52D31043427FE16238A1A2F4F50817A0CFE83330996CDBB6EDA3175F7CF190CFA83DDAE2D0B68D8D8DFF6FB29DDB42C157F027D894216CC40F365C8C24546462E662679D3517A0CFE8333079AC5EBDFAE6EF7DEF7B4935B8EAAAAB36D5D7D7D7C4B7980D0D0DEDE9F89482AFE057CB67AD8C13EA2AEFFE34DC70311AA1221F2E9CE702F4197D06268BD6D6D64757AD5A5515C1E2B6DB6E7B64DAB4696DB5F0BEA5AF338911853F0D43272AF80AFE447FD6CA6CB40FB4FBD350C3C5DB46315464EC1605FA8C3E0393C5D5575FBDFBE1871FAE8A60F1D0430F3D9916D19E5A2AF8B9716FB96F96147C057FBC3E6B6536D6473213502E5CFCE728878A7C0872B428D067F419A875975D76D91F267A7D45E6B7BFFDED6B69E1ECADD1825FFC66295FF8157C057FBC3E6B7D4E18C58DF472E162B443453E5C98B9007D469F815A367DFAF4C2E15EAB4514CD5A2EF8F96F9662EA5AC157F0C7EBB356F7A7F344348DE23F1FBB3F95CE54FC67DFEDA3CD49F4409FD167A0D60B5735194421ADA9A1E057D7986C9FAF6C7CEE739FCB36FA7F348AE5A1BF198BE19CA17B30BE3F59FF4686A1CF081660C6627CED9E04331685235B4D9932E5B0F19EA27EECB1C792279E78E2A0DB6343F0B6DB6E2BFB3B1B376E4C8E3BEEB8247DBDC93DF7DC937CE4231F497A7A7A92F3CF3FBF70FD9DEF7C67C57F6FF5EAD5C9FBDFFFFE517D3D0AFEF03F6B75A3BB3BD160D6588C76B830630155DE67AA65440D5AB468D1808FB9E28A2B0A9757AC585138097076FB1D77DCA1CFC058F8F297BFFC66B5ACB178E9A597B6D4F01A8BD28DBCBA8928F851301F78E081A4B3B333CE0B52080771DBCF7EF6B3E4AEBBEE2A5CDEB66DDB018F7FF0C1070B3F9F7AEAA9C2CF3859E2EEDDBB8BF74780C81E1F41E3F4D34F2F3CEF82050B92238E3822F9E637BF59FC7722948CE4F50816C3FFAC956C9C8F245C543AA46CB9A3428D56B888FDC577D759630155DF67F2E3DE7BEF2DD683A1F4A9934E3A6948FFCEBA75EB0AFDE3820B2E28FC3CEAA8A392934F3EB9703946F493638F3DF6A07F67D9B265C5CBB7DF7E7BF172040D7D06C6C0D7BFFEF517ABE5A850E946E9DA1A3C2A544F4343C3391536F2C6BDE0C70C44FCDCB97367711622DB908F9FB1815F5A786366217E2E5DBAB4F073F3E6CDC999679E59FCDDB83FFFF83BEFBCB37039EE3FE698630EB8AFB4580FF5F50816C3FFACE58CE4FC10039DA762A867E81E8C29E9783E1D335464A8FE3E533A6206BADC174BA3FDA559BEBFC4F5EBAFBFBE78FDF0C30F8F7361152E3FF3CC33C55E73CA29A71402455CCE66D0B33E173F5B5A5AF419184DD75D77DD7DD5721E8BC58B17AFA9A1F358F4F7ADF1B817FCD8F8CF0AE9F3CF3F5FB8FCF9CF7FBE785BFE72777777E177622A38AE3FFBECB3C542FBE4934F16A68BB329E32C18E48BF9C73FFEF18A3316D9730FE7F5081623FBAC9518CE6E45833DF9DD68860B4783821AE9339546CC72471D28ED17A33962163DBE88CA6628E2DF9B3D7B76E1F2B9E79E5B98C9281746F23316471E796472DF7DF7152EC7EC46CC82E83330CABEFBDDEF7E61D1A2457FAC866071C92597ACA995336F0FD67815FCD75F7FFD806F62E2FAD1471F9D7CFAD39F2E16E277BCE31D858DFCAC48FFF8C73F2E3C7ED7AE5DC5198BF876EC97BFFC6571BAF9DDEF7E77C56F8DFA9BB118EAEB112CC6C450C2C550CFA83D1AE142A8802AED33F1C553ACBFCBFE7FE767AEB35981F89229EE3BF5D4530B3F6FB8E186C2CF8B2EBAA838A3103F63B63A7E278241F67CD17F4A7B4B8C6BAFBD36F9E4273F59B89CCD40E41F132126BB1C7D24DB1DEB3DEF794FD960113316D9EEBED98C4A5C6E6B6BD367602C343535BD3D4DFD7B63E37282CF6111EB2B76C6EB51F047365D9C2FBC9FF8C4278A2121AE6FD8B0A1705FACA7C81EB365CB96837E2F765D8A9984B89CCD5E0C25580CF5F50816631E2ECE1AC550311AE1225ED77077D702C6B8CFC4FFE7F8A229BE84AA2BB38662C68C1985DB5E7EF9E5C202E97C2FC976AB8D3579B1EB6C5DC96C465DDFEC41B97F3346FC9BB1E11F971F7AE8A183D66694CE58C47A8BB3CF3EBBF8B8F8322B7B4DB7DE7A6BD95E648D058CA1F9F3E777AF59B3664283455A44FE292D623F57F047DE0CA2A8C6B74971393FD59B2FACF9DBF2CD200A74EC1A957DB314EB6F86B32BD4705F8F603126B2335B9F318AA16224E1220B15662AA04AFB4C1CB4E3431FFA50E1CBA372C122AE7FF0831F3C6857A8BABE037E64F797DB4D2AAE47AF29D7BF6266BBD2EE55830D162FBEF862F16024D9AC4669B0C8D6588CC5C143040B0E79E97FCE8F7EF18B5FDC1FDF4C4F84FDFBF73FDFD0D0F07F1B1B1B3FA6E08F3C58C4947014D6BABE29E8FE6608EACACC5864B71F7FFCF1659F3F5B705D3A6391EDCB3A92D723588C69B828377331AB6EE467D42E172E2EA8F0D829750E290B55DF67B28DFFD82EE83B0C7CF2C20B2F1C34BB10976397A5BABE2300D6F5CD06D4F5AD63C82EE7BF748AEBA5BBD996068BECF7F207F8885D9EF28FCD42432CCA2EDD55ABDC1A8B0813D96E51F16557F4BCFC8CBC3E03A368EEDCB9EB266A11F777BEF39DDBD2C2B552C11FBDE9EBEC721C826FA0198BEC9B9BECBE5863914D43C74C56A57FAB34588CC6EB112CC654B9DDA2F2A16038A16228CF1367078F9993F3545CA8EE3E13B53F0B0FF9CBD9FDB1311F331271DB65975D76C00934E390E4D9E59849889FB1BE2EBFC6A2F4F94A6F8B2313D6F57318DB7CB028B7D03BDB852B3B6752F65C1124E2E735D75C53761D873E03A364EAD4A97FF5852F7CE1CDAD5BB78E6BA878ECB1C7D6A51B9EBBD37FFF38057FE423D646E40B6F14FF98EACD0EB7173307950E371BDFE4C409F2B2421CDF4ED5E5F6512D1DB14B541C477C345F8F60312EE1A2746D4384800BEA467E3E8AFE9E27DB1DCBEE4F50E37DA65A4E90572958C4C8CE93945FB03D9687C3D567A08CC6C6C639CDCDCDBF1FAF5DA25E7FFDF547D37FF3D134585CA1E01B0AFEB8868BF13C1A93A33F813EA3CFC0A1E8C20B2FBCFDDA6BAF1DF370B17FFFFEADB367CFEE4A43C58F147C43C11F77E33583E0E84FA0CFE83370A88A13F1A41BFCF77CEB5BDF7A75ACC245CC54A401A63BD6554CB6C3CB2AF80A7E8D858BB1DCE8CF9EDF4C05E833FA0C1CCAE1A2B1B1F1963973E6BC3ADA6B2E624D45DFEE4F3F9AECA142C157F06BC058ED1695EDFE64A602F4197D06A8ABABAFAFBF6CFAF4E9AFAD58B1E2E5BD7BF78EF890B27D477FDA3D99D75428F80ABE705138FA536F9D990AD067F419202F8E16D5D0D0F0BF67CD9AF5CACA952B9FDAB56BD7BEA19E513B4E7E973EC713B1EB53FAF37805DF50F0ABCE68ED163545A8007D469F01FA555F5FFFE174FCA4B1B1F1D5CB2FBFFCE165CB963DFC9BDFFCE6A9175E78E1F55C8ED81D41A2A7A767EDE2C58BD75C72C9256BD230B1330D13BF988C27BF53F015FC4966A43317D9EF3B4F05E833FA0C30B0581771FEF9E79F960686EFA72316603F938E7D7112B4BED19B8E9E74B4A541E4AC43611D8582AFE04FC27071C6307ECFD19F409FD167F41940C157F019764870F427D0670C7D0650F0157C2A8685C19CE7C2D19F409F31F41940C157F01951689852E78CDAA0CF18FA0CA0E02BF80C42A5DDA23E55E7E84FA0CF18FA0CA0E02BF80C315CE46726B2B031C35B03FA8CA1CF000ABE82CF70C2C5F7EBECFE04FA8CA1CF000ABE82AFE08FC0197148E93A0BB5419F31F41940C157F015FC91E80B16803E63E8338082AFE0FB540A16A0CF18FA0CA0E01B0ABE6001E833FA0CA0E01B0ABE6001E833FA0C8082AFE00B16803E63E8338082AFE02BF88205E833863E0328F886822F5800FA8C3E0328F886822F5800FA8C3E03A0E02BF88285F70FF419439F01147C43C1172C409F31F41940C137147CC102D067F419E0D0D4D9D9A9D056CFD89316FC7D3E958205E833863E03D49CF5EBD7F7EED8B143B1AD82B17DFBF67F490BFEE33E958205E833863E03D49CAEAEAEB3D7AE5DFBCA4B2FBDF47B4577E2BE418A62DFD1D1F16C3ACEF3A9142C409F31F419A026A545E6ACF6F6F64D313D1AFB5E1AE33EE27D7F5CB1172C409FA9DE11F5459F0100C102407D0100347E407D0100347E407D0100347E407D515F0040E307505F00008D1F505F00008D1F505F00008D1F407D01008D1F407D0100347E407D0100347E407D0100347E00F50500347E00F50500D0F801F50500D0F801F50500D0F801D41700D0F801D4170040E307D4170040E307D4170040E307505F0040E307505F00008D1F505F00008D1F505F00008D1F407D01008D1F407D0100347E407D0100347E407D0100347E00F50500347E00F50500D0F801F50500D0F801F50500D0F801D41700D0F801D4170040E307D4170040E307D4170040E307505F0040E307505F00008D1F505F00008D1F505F00008D1F407D01008D1F407D0100347E407D0100347E407D0100347E00F50500347E00F50500D0F801F50500D0F801F50500D0F801D41700D0F8357E407D0100347E407D0100347E407D0100347E00F50500347E8D1F505F00008D1F505F00008D1F505F00008D1F407D0100347E407D0100347E407D0100347E407D0100347E00F50500D0F801F50500D0F801F50500D0F801F50500D0F801D4170040E307D4170040E307D4170040E307D4170040E307505F00008D1F505F00008D1F505F00008D1F505F00008D1F407D0100347E407D0100347E407D0100347E407D01006AC1BC96CE9F2F5CB8F06D65EF6BED38795E6BF76931667DE98AE4ADCB9DFF18B71FF81CDDB3E6DEDCF13F8AD7DBBA2E9DB7B4FBB8FE9EEF4FE3E0E72BB570E1BFFED9C1BFD77D5A734BE715E998E9AF088205003081FA36D8AFAF7CFF5B81E3F2251D1FFCC257BF55B6F17FF196357F3EAFB5EBC1345C9C31B7ADFBC2AFB6767CA8B9B5EB57B1E19F5EAFCF078CFCF34518291B66D25092FEFE6BCDAD9DCB0F7C2DDD87C5CFB96D9D53070A22806001008C83AFB6AEFFCBCB97AE7B7FF3928E4FA61BF19F8BEBFD3D3E1E33EB4B57966DFC316B30F7E68E239B5BBA2E8FE789C72E5CDEFDF6B8DEDFF34510297F5FE7E6C26B4BC345D9FBDBBA5A2BCDB000820500308EE6B6742D7E2B54744F8F198634187C24BFA13FA7A5FBC307EC72D4DAF5D3081685EB313391FE7EF1714BBB8FEBDB2DE9E674A37FC1DCD6AE6FF7FDCE0FB3C052EEF92E6FE9FAFBD2E7FB53B8E89E3EAFB5EBDAB85C98DDC8FD6EFAD87F2E5E8F5DB05ABBE7FB8B826001008CB37483FDEF9ADBBACF796B03BE6B49F1F696CE9F470088CBA53302F1B8728D3FD655F4AD93F85F599888A0500C01AD5D732A3D5FC5D0D3D65D1FB31631EB51FABB859011EB372ACC7600820500300EBEB6A4F3989829F853C8F8D3FA8AD8588F60507663BFA56B71B9C63FEFA68EBF29BBA8BAB5AB3BFE9DD8E5A9D2F3F5F73AD370B12A0B3F07DCDEDAB928D685C43A0B7F4D102C0080890A166DDDC7E7AF37B776FE24BB1C8BA3237894FE4EDC3EAFB5EB7BE51A7FB6A0FAF2968EFF99EDF614B735B7747FB3D26BC89EAFDC7DB160BBB05B566BD783735ABAFEB6246CD4678BB6632624D675F88B826001004CA0F8D6BFF9A6F547F5B7C03A7B5C6CCCC70C417F8DBF7024A8BEC3BE16D66E94996D287DBEB2C1A2AD6B41736BD7EFD3DFBFE6C050D1F50FF923415DBAB4FB5D312BD27C53F7C7FC3541B000002648DF2161DB07FAD63F660DD2C76DF8CA928EBF184CE32F3CBEAD6BDD575BFFCF7F1FE8F906F33AE3F5C59A902FFF70C311A5F7BD75E4A8CEE5B13B96BF2808160080C60FA82FEA0B0068FC00EA0B00A0F103EA0B00A0F103EA0B00A0F103EA8BFA02001A3F80FA020068FC80FA020068FC80FA020068FC00EA0B0068FC00EA0B00A0F103EA0B00A0F103EA0B00A0F103A82F00A0F103A82F0080C60FA82F0080C60FA82F0080C60FA0BE0080C60FA0BE00001A3FA0BE00001A3FA0BE00001A3F80FA02001A3F80FA020068FC80FA020068FC80FA020068FC00EA0B0068FC00EA0B00A0F103EA0B00A0F103EA0B00A0F103A82F00A0F103A82F0080C60FA82F0080C60FA82F0080C60FA0BE0080C60FA0BE00001A3FA0BE00001A3FA0BE00001A3F80FA02001A3F80FA020068FC80FA020068FC80FA020068FC00EA0B0068FC00EA0B00A0F103EA0B00A0F103EA0B00A0F103A82F00A0F17B1700F50500D0F801F50500D0F801F50500D0F801D41700D0F8357E407D0100347E407D0100347E407D0100347E00F50500D0F801F50500D0F801F50500D0F801F50500D0F801D4170040E307D4170040E307D4170040E307D4170040E307505F00008D1F505F00008D1F505F00008D1F505F00008D1F407D0100347E407D0100347E407D0100347E407D0100347E00F50500D0F801F50500D0F801F50500D0F801F50500D0F801D4170040E307D4170040E307D4170060029BFC9A68F4038C4DDE2940B00000FA6BF227A4635F7FC1A2BEBEFE2CEF14205800000335FA7BFB09163D53A64C39CCBB04081600C0408DFE844AC1A2A1A1E11CEF1020580000836DF6E5D65A6C325B01081600C0509AFD416B2DACAD00040B0060C8D220B1DA6C0520580000230D1627E6D6569CE11D01040B0060B84DBFB0D6C26C05205800002369FA2768FC8060010013284992C39E7EFAE995F7DF7FFF1F3A3B3B93F6F676639C47474747B27EFDFADFA663864F24081600509322546CD8B021D9B16347F2E69B6F1A133476EEDC99AC5BB7EE7769C838CFA712040B00A83931532154544DB878B3BDBDFD719F4A102C00A0E6C4EE4F36EAAB67A4C1629F4F250816005073621F7F1BF455152C6CC080600100933758BCF64A6FF2F4A6E5C9A31DD715465C8EDB8401C102040B006050C162F7CBDB932DFFBE20F98F5F5E79C088DBE23E8140B000C10200048B0137769F7FF4DF0E0A15D9D8F6E81A8140B000C10200048B8183C5E3DDDFAD182CE23E8140B000C10200048B013776B7B42FAC182CE23E8140B000C10200040BC142B000040B0018FB60114781AA142CE23E8140B000C10200048B0137769FDCB8A462B088FB0402C1022651885813416280B1C93B0500C30816BBB66F4EB6DC77CDC1BB41A5B7C57D028160019328589C908E7DFD058BFAFAFAB3BC5300308C6011E399076F3F2858C46DC280600193305CDCDB4FB0E8993265CA61DE2500184EB078E38DE4C95FFFE8E0DDA0D2DBE23E8140B08049162C4EA8142C1A1A1ACEF10E01C03082459C59FBBF36B6555C6311F739FBB6600193305C945B6BB1C96C05000C3558BCF146D2FB6457F2C8AFBE51315464231E138F357B2158C0240A1607ADB5B0B6020086182C069AA5307B2158C0A1200D12ABCD5600C00882C5606629FA9BBD1010040B9824C1E2C4DCDA8A33BC230030C46031DC50910D0141B080C9225B6B61B6020086112C0CC1020E454D4D4DEF4D43C479E9688BC3CAA6A3B764F1765CEFA9AFAFFF494343C38C74BCCFBB06008285600114C4A2EC98994883C2FE419C75BBF4F0B3ED71085A331A0008168285600187A838F2531A0AEE1F6A98A83036598701806061835EB0804348CC2EA421E0C6723314F3E7CF4F56AE5C996CDCB83179EEB9E7923D7BF62461EFDEBD85EBF7DF7F7FB26AD5AA64C182059502465B5353D3DBBDCB00081686600193D8F4E9D3FFBA749662E6CC99C9F2E5CB93DEDEDE6428B66EDD9A2C5BB62C49834469B87824FE1DEF360082852158C02494068AE31B1B1B5FC887801B6FBC31D9B163473212BB76ED4AAEBBEEBAD270F17C3A3EE05D0740B030040B98446206211F2A629662EDDAB5C9FEFDFB93D1B261C386C2F30A170008168660019350DF9A8AE2EE4F69C8489E78E289642CC41A8C925DA31E993A75EABBFC1500102C0CC1026A5C2CD4CECF548C55A8C8878B082FF905DDFE0A00081686600135ACEF90B2C5A33FC5EE4FE321768B2A39DF8543D1022058188205D4AAFC2E50B1507B34D7540CA46441F72627D10340B030040BA8417D67D42EEE0235D2A33F0DE76851F9F51671866E7F1500040B43B0801A936ECCAFC936EAE33C1513E18E3BEEC8078B767F1500040B43B0801AD2D4D4F4DEFCDA8AA19EFC6EB4C42C497E2177FA9ADEE7AF0380606108165005E29BFF747CAABFC7A41BF1E7651BF3F3E7CF4F26D282050BF2C16286BF2000828521584015C8EF5A545F5F7F6285C7B4658F5BB972E584068B55AB56158345FA7A7FE22F0880606108165045C12237EE2D9DC1486FEBC9EEDFB871E384068B38AF45EEB5F6F80B0220581882055467B028CE60640123BDDE9BDDFEDC73CF4D68B0D8BE7D7BFE75F6FA0B0220581882055471B0C8CF60E4AFEFDDBB77428345FCFBF9D7E32F088060618CF918C406936118431CD540B00040B018C5F1BBDFFD2E39F9E493937BEEB92739FDF4D3930B2EB8A0707BFA3292BBEEBA6B4CFECD78EE458B160DF8982BAEB8A27079C58A15C99E3D7B8AB7C731E8CD584075E927446C8A93E2C519AEF3B7C7FF69331600308982458CDDBB77177E46B838E698638A1BF071D496EC72737373F1F14F3CF144F2D9CF7EB6302288E4473C473C7EC68C19C5C7AF5BB7AE707B76FF51471D550C333122C01C7BECB107058B65CB96152FDF7EFBEDC5CB1134040BA8FA60510C14B9C714D7586CDDBAD51A0B00986CC1E2BEFBEE2B6CE01F71C4114963636371037EF3E6CD859F679E79E6018F7FFDF5D78B3308839DA1C88781B87EFDF5D717AF1F7EF8E1C955575D55B8FCCC33CF14C3C929A79C5208147139C24CE9EB6A6969112CA0FA82454F4343C339F940917B8CA34201C0640E16B191BE65CB96C246FD534F3D55BC2D6611E2B6D19811E9ECEC2CCE50C473CF9E3DBB70F9DC73CF2DEE7ED5DF8CC591471E590840D9EB8A591033165055C1E2A0198A328F299EC722BE6C701E0B009884C1225B4FF1C0030F1437FE3FF399CF142EAF5EBDBA70FDB1C71E2BFECE860D1B8A4D39BF1B54CC3E446828F76FE477AD8AC7C6E57BEFBD3779CF7BDE53F6F13163F1E0830F162EF7F4F4146F6F6B6BB32B14D466F870E66D0098ACC122661362637DE9D2A5850DFCD8D0CF36E04F3DF5D401D7650C25BC9C74D24907CD58C47A8BB3CF3EBBF8B8D8CD29166DC7636EBDF5D6B2A1C41A0BA84D4D4D4DEF4D37E4F7651BF431433A1176ECD811BB7DFE31172CDEE7AF038060310A23BFFB53367311976356227EBEF0C20BA3322B329860F1E28B2F165E4F5D6E56A33458646B2CB66DDB2658408D4937E4D7641BF4B7DC72CB84048B38B25CFE047EFE2A00081663B84B547E03BEA9A969C4CF9DCD8494EE0A158BB2F3BB58555A6311AF25DB2D2AD67D44D018CA0272C102AA43ACC3C836EA67CE9C59983D184FBB76ED4A66CD9A959FAD38C75F0500C16294466CA0C7888DF6584F916DCC1F7DF4D1C9B3CF3E5BB81C23661262A33E8E1215A3F450B3D93A8B6C4D467688D872A1210B16E576B1CA76CFBAEDB6DB8A8F8F91BDC66BAEB9A6F0333B92946001B5257F74A8EBAEBB2ED9BF7FFFB8058BF8F7F287C4ED6FB139000816431C3163101BEA175D7451E17A7CA317D7EFBCF3CEE263E2A84EF91032D299914AC12246CC9AD4952CD8CE2E4FC4102C60749D7FFEF9A7E5CF79B176EDDA710915F9834EF4CD569CE1AF01806061081650C3D20DFBEF671BF8D3A74F2F6CF48FF5792B66CC98F1C75CB068F3570040B030040BA871B10B527E97A808176375D2BC0815B366CDFA432E543C3275EAD477F92B0020581882054C026998F8EB7423FFC97CB888DDA24673CD45CC8494CC543C9F8E0F78F701102C0CC1022691D8C8CF878B6C41F7488F16156BC54A166A0B150008168660019359DFCC454F3E04C4A168972F5F9EF4F6F60EF9E477719E8AFC2165B3DD9F840A00040B43B080492ED65CD4D7D7DF5412060AE31BDFF846B262C58AC21A8CAD5BB7267BF7EE2D8488F8B97DFBF6C21A8ABBEFBE3B59B060C10167D4CE2FD4B6A60200C1C2102CE010D27728DA9E72016318639343CA022058D8A0172CE010D67786EE35E9D837D440918689F638A3B693DF0120580816820550D0D4D4F4DE34644C8BDD99FA66327A4B82445CEF491FF393344CCC983A75EA5F79D70040B0102C000040B0102C000040B030040B0000040B43B0000000C142B0000000C142B0000000C1C2102C0000102C0CC1020000040BC1020000040BC1020000040B43B0000040B030040B0000102C040B0000102C040B0000102C0CC1020000C1C2102C000040B0102C000060B4757676DAA0AF9EB1270D16FB7C2A0100A839EBD7AFEFDDB163878DFA2A18DBB76FFF9734583CEE53090040CDE9EAEA3A7BEDDAB5AFBCF4D24BBFB7713F713315112A3A3A3A9E4DC7793E950000D4A47463F6ACF6F6F64DB11B4EECE36F8CFB88F7FD71A1020000000000000000000000000000000000000000000000000000008049E3FF038D38BA48AC34107D0000000049454E44AE426082, 1);

-- ----------------------------
-- Table structure for act_ge_property
-- ----------------------------
DROP TABLE IF EXISTS `act_ge_property`;
CREATE TABLE `act_ge_property`  (
  `NAME_` varchar(64) CHARACTER SET utf8 COLLATE utf8_bin NOT NULL,
  `VALUE_` varchar(300) CHARACTER SET utf8 COLLATE utf8_bin NULL DEFAULT NULL,
  `REV_` int(11) NULL DEFAULT NULL,
  PRIMARY KEY (`NAME_`) USING BTREE
) ENGINE = InnoDB CHARACTER SET = utf8 COLLATE = utf8_bin ROW_FORMAT = Dynamic;

-- ----------------------------
-- Records of act_ge_property
-- ----------------------------
INSERT INTO `act_ge_property` VALUES ('batch.schema.version', '6.7.2.0', 1);
INSERT INTO `act_ge_property` VALUES ('cfg.execution-related-entities-count', 'true', 1);
INSERT INTO `act_ge_property` VALUES ('cfg.task-related-entities-count', 'true', 1);
INSERT INTO `act_ge_property` VALUES ('common.schema.version', '6.7.2.0', 1);
INSERT INTO `act_ge_property` VALUES ('entitylink.schema.version', '6.7.2.0', 1);
INSERT INTO `act_ge_property` VALUES ('eventsubscription.schema.version', '6.7.2.0', 1);
INSERT INTO `act_ge_property` VALUES ('identitylink.schema.version', '6.7.2.0', 1);
INSERT INTO `act_ge_property` VALUES ('job.schema.version', '6.7.2.0', 1);
INSERT INTO `act_ge_property` VALUES ('next.dbid', '1', 1);
INSERT INTO `act_ge_property` VALUES ('schema.history', 'create(6.7.2.0)', 1);
INSERT INTO `act_ge_property` VALUES ('schema.version', '6.7.2.0', 1);
INSERT INTO `act_ge_property` VALUES ('task.schema.version', '6.7.2.0', 1);
INSERT INTO `act_ge_property` VALUES ('variable.schema.version', '6.7.2.0', 1);

-- ----------------------------
-- Table structure for act_hi_actinst
-- ----------------------------
DROP TABLE IF EXISTS `act_hi_actinst`;
CREATE TABLE `act_hi_actinst`  (
  `ID_` varchar(64) CHARACTER SET utf8 COLLATE utf8_bin NOT NULL,
  `REV_` int(11) NULL DEFAULT 1,
  `PROC_DEF_ID_` varchar(64) CHARACTER SET utf8 COLLATE utf8_bin NOT NULL,
  `PROC_INST_ID_` varchar(64) CHARACTER SET utf8 COLLATE utf8_bin NOT NULL,
  `EXECUTION_ID_` varchar(64) CHARACTER SET utf8 COLLATE utf8_bin NOT NULL,
  `ACT_ID_` varchar(255) CHARACTER SET utf8 COLLATE utf8_bin NOT NULL,
  `TASK_ID_` varchar(64) CHARACTER SET utf8 COLLATE utf8_bin NULL DEFAULT NULL,
  `CALL_PROC_INST_ID_` varchar(64) CHARACTER SET utf8 COLLATE utf8_bin NULL DEFAULT NULL,
  `ACT_NAME_` varchar(255) CHARACTER SET utf8 COLLATE utf8_bin NULL DEFAULT NULL,
  `ACT_TYPE_` varchar(255) CHARACTER SET utf8 COLLATE utf8_bin NOT NULL,
  `ASSIGNEE_` varchar(255) CHARACTER SET utf8 COLLATE utf8_bin NULL DEFAULT NULL,
  `START_TIME_` datetime(3) NOT NULL,
  `END_TIME_` datetime(3) NULL DEFAULT NULL,
  `TRANSACTION_ORDER_` int(11) NULL DEFAULT NULL,
  `DURATION_` bigint(20) NULL DEFAULT NULL,
  `DELETE_REASON_` varchar(4000) CHARACTER SET utf8 COLLATE utf8_bin NULL DEFAULT NULL,
  `TENANT_ID_` varchar(255) CHARACTER SET utf8 COLLATE utf8_bin NULL DEFAULT '',
  PRIMARY KEY (`ID_`) USING BTREE,
  INDEX `ACT_IDX_HI_ACT_INST_START`(`START_TIME_`) USING BTREE,
  INDEX `ACT_IDX_HI_ACT_INST_END`(`END_TIME_`) USING BTREE,
  INDEX `ACT_IDX_HI_ACT_INST_PROCINST`(`PROC_INST_ID_`, `ACT_ID_`) USING BTREE,
  INDEX `ACT_IDX_HI_ACT_INST_EXEC`(`EXECUTION_ID_`, `ACT_ID_`) USING BTREE
) ENGINE = InnoDB CHARACTER SET = utf8 COLLATE = utf8_bin ROW_FORMAT = Dynamic;

-- ----------------------------
-- Records of act_hi_actinst
-- ----------------------------
INSERT INTO `act_hi_actinst` VALUES ('15a6decd-d127-11ec-9e12-005056c00001', 4, 'Process_1651740389270:1:f75f9855-cc50-11ec-b4ba-005056c00001', '2439fc86-cc51-11ec-b4ba-005056c00001', '15a690ac-d127-11ec-9e12-005056c00001', 'Activity_0s49ztg', '15aa884e-d127-11ec-9e12-005056c00001', NULL, '请假申请', 'userTask', '1', '2022-05-11 20:37:13.883', '2022-05-14 02:25:37.160', 1, 193703277, NULL, '');
INSERT INTO `act_hi_actinst` VALUES ('15d0108b-d2ea-11ec-bc0c-005056c00001', 1, 'Process_1651740389270:1:f75f9855-cc50-11ec-b4ba-005056c00001', '2439fc86-cc51-11ec-b4ba-005056c00001', '15a690ac-d127-11ec-9e12-005056c00001', 'Flow_1ltfx6y', NULL, NULL, NULL, 'sequenceFlow', NULL, '2022-05-14 02:25:37.178', '2022-05-14 02:25:37.178', 1, 0, NULL, '');
INSERT INTO `act_hi_actinst` VALUES ('15d0379c-d2ea-11ec-bc0c-005056c00001', 1, 'Process_1651740389270:1:f75f9855-cc50-11ec-b4ba-005056c00001', '2439fc86-cc51-11ec-b4ba-005056c00001', '15a690ac-d127-11ec-9e12-005056c00001', 'Gateway_04nk1x0', NULL, NULL, NULL, 'exclusiveGateway', NULL, '2022-05-14 02:25:37.179', '2022-05-14 02:25:37.241', 2, 62, NULL, '');
INSERT INTO `act_hi_actinst` VALUES ('15d9ad7d-d2ea-11ec-bc0c-005056c00001', 1, 'Process_1651740389270:1:f75f9855-cc50-11ec-b4ba-005056c00001', '2439fc86-cc51-11ec-b4ba-005056c00001', '15a690ac-d127-11ec-9e12-005056c00001', 'Flow_0uo7bnp', NULL, NULL, '小于等于3天', 'sequenceFlow', NULL, '2022-05-14 02:25:37.241', '2022-05-14 02:25:37.241', 3, 0, NULL, '');
INSERT INTO `act_hi_actinst` VALUES ('15d9d48e-d2ea-11ec-bc0c-005056c00001', 2, 'Process_1651740389270:1:f75f9855-cc50-11ec-b4ba-005056c00001', '2439fc86-cc51-11ec-b4ba-005056c00001', '15a690ac-d127-11ec-9e12-005056c00001', 'Activity_0ffqkhn', '15da22af-d2ea-11ec-bc0c-005056c00001', NULL, '张三审批', 'userTask', '26', '2022-05-14 02:25:37.242', '2022-05-14 02:26:52.399', 4, 75157, 'Change activity to Activity_0s49ztg', '');
INSERT INTO `act_hi_actinst` VALUES ('243c6d92-cc51-11ec-b4ba-005056c00001', 1, 'Process_1651740389270:1:f75f9855-cc50-11ec-b4ba-005056c00001', '2439fc86-cc51-11ec-b4ba-005056c00001', '243c6d91-cc51-11ec-b4ba-005056c00001', 'Event_19j3ih1', NULL, NULL, NULL, 'startEvent', NULL, '2022-05-05 16:55:41.400', '2022-05-05 16:55:41.406', 1, 6, NULL, '');
INSERT INTO `act_hi_actinst` VALUES ('243da613-cc51-11ec-b4ba-005056c00001', 1, 'Process_1651740389270:1:f75f9855-cc50-11ec-b4ba-005056c00001', '2439fc86-cc51-11ec-b4ba-005056c00001', '243c6d91-cc51-11ec-b4ba-005056c00001', 'Flow_1hea56n', NULL, NULL, NULL, 'sequenceFlow', NULL, '2022-05-05 16:55:41.408', '2022-05-05 16:55:41.408', 2, 0, NULL, '');
INSERT INTO `act_hi_actinst` VALUES ('243dcd24-cc51-11ec-b4ba-005056c00001', 2, 'Process_1651740389270:1:f75f9855-cc50-11ec-b4ba-005056c00001', '2439fc86-cc51-11ec-b4ba-005056c00001', '243c6d91-cc51-11ec-b4ba-005056c00001', 'Activity_0s49ztg', '24414f95-cc51-11ec-b4ba-005056c00001', NULL, '请假申请', 'userTask', '1', '2022-05-05 16:55:41.409', '2022-05-05 16:55:41.577', 3, 168, NULL, '');
INSERT INTO `act_hi_actinst` VALUES ('245796ba-cc51-11ec-b4ba-005056c00001', 1, 'Process_1651740389270:1:f75f9855-cc50-11ec-b4ba-005056c00001', '2439fc86-cc51-11ec-b4ba-005056c00001', '243c6d91-cc51-11ec-b4ba-005056c00001', 'Flow_1ltfx6y', NULL, NULL, NULL, 'sequenceFlow', NULL, '2022-05-05 16:55:41.578', '2022-05-05 16:55:41.578', 1, 0, NULL, '');
INSERT INTO `act_hi_actinst` VALUES ('2457bdcb-cc51-11ec-b4ba-005056c00001', 1, 'Process_1651740389270:1:f75f9855-cc50-11ec-b4ba-005056c00001', '2439fc86-cc51-11ec-b4ba-005056c00001', '243c6d91-cc51-11ec-b4ba-005056c00001', 'Gateway_04nk1x0', NULL, NULL, NULL, 'exclusiveGateway', NULL, '2022-05-05 16:55:41.579', '2022-05-05 16:55:41.586', 2, 7, NULL, '');
INSERT INTO `act_hi_actinst` VALUES ('2458cf3c-cc51-11ec-b4ba-005056c00001', 1, 'Process_1651740389270:1:f75f9855-cc50-11ec-b4ba-005056c00001', '2439fc86-cc51-11ec-b4ba-005056c00001', '243c6d91-cc51-11ec-b4ba-005056c00001', 'Flow_0uo7bnp', NULL, NULL, '小于等于3天', 'sequenceFlow', NULL, '2022-05-05 16:55:41.586', '2022-05-05 16:55:41.586', 3, 0, NULL, '');
INSERT INTO `act_hi_actinst` VALUES ('2458f64d-cc51-11ec-b4ba-005056c00001', 2, 'Process_1651740389270:1:f75f9855-cc50-11ec-b4ba-005056c00001', '2439fc86-cc51-11ec-b4ba-005056c00001', '243c6d91-cc51-11ec-b4ba-005056c00001', 'Activity_0ffqkhn', '2458f64e-cc51-11ec-b4ba-005056c00001', NULL, '张三审批', 'userTask', '26', '2022-05-05 16:55:41.587', '2022-05-11 20:37:13.866', 4, 531692279, 'Change activity to Activity_0s49ztg', '');
INSERT INTO `act_hi_actinst` VALUES ('42a78e93-d2ea-11ec-bc0c-005056c00001', 2, 'Process_1651740389270:1:f75f9855-cc50-11ec-b4ba-005056c00001', '2439fc86-cc51-11ec-b4ba-005056c00001', '42a78e92-d2ea-11ec-bc0c-005056c00001', 'Activity_0s49ztg', '42a7b5a4-d2ea-11ec-bc0c-005056c00001', NULL, '请假申请', 'userTask', '1', '2022-05-14 02:26:52.410', '2022-05-14 02:45:05.751', 1, 1093341, NULL, '');
INSERT INTO `act_hi_actinst` VALUES ('acadf688-ca27-11ec-8479-005056c00001', 1, 'Process_1651388121348:1:2e5a0ac3-c91d-11ec-ba35-005056c00001', 'acab5e70-ca27-11ec-8479-005056c00001', 'acadcf77-ca27-11ec-8479-005056c00001', 'Event_15baari', NULL, NULL, NULL, 'startEvent', NULL, '2022-05-02 22:53:49.126', '2022-05-02 22:53:49.131', 1, 5, NULL, '');
INSERT INTO `act_hi_actinst` VALUES ('acaf07f9-ca27-11ec-8479-005056c00001', 1, 'Process_1651388121348:1:2e5a0ac3-c91d-11ec-ba35-005056c00001', 'acab5e70-ca27-11ec-8479-005056c00001', 'acadcf77-ca27-11ec-8479-005056c00001', 'Flow_1wfa32h', NULL, NULL, NULL, 'sequenceFlow', NULL, '2022-05-02 22:53:49.133', '2022-05-02 22:53:49.133', 2, 0, NULL, '');
INSERT INTO `act_hi_actinst` VALUES ('acaf07fa-ca27-11ec-8479-005056c00001', 2, 'Process_1651388121348:1:2e5a0ac3-c91d-11ec-ba35-005056c00001', 'acab5e70-ca27-11ec-8479-005056c00001', 'acadcf77-ca27-11ec-8479-005056c00001', 'Activity_0feb73g', 'acb1a00b-ca27-11ec-8479-005056c00001', NULL, 'admin审核', 'userTask', '1', '2022-05-02 22:53:49.133', '2022-05-02 22:53:49.276', 3, 143, NULL, '');
INSERT INTO `act_hi_actinst` VALUES ('acc4d9f0-ca27-11ec-8479-005056c00001', 1, 'Process_1651388121348:1:2e5a0ac3-c91d-11ec-ba35-005056c00001', 'acab5e70-ca27-11ec-8479-005056c00001', 'acadcf77-ca27-11ec-8479-005056c00001', 'Flow_0zczisw', NULL, NULL, NULL, 'sequenceFlow', NULL, '2022-05-02 22:53:49.276', '2022-05-02 22:53:49.276', 1, 0, NULL, '');
INSERT INTO `act_hi_actinst` VALUES ('acc50101-ca27-11ec-8479-005056c00001', 2, 'Process_1651388121348:1:2e5a0ac3-c91d-11ec-ba35-005056c00001', 'acab5e70-ca27-11ec-8479-005056c00001', 'acadcf77-ca27-11ec-8479-005056c00001', 'Activity_1ae68vc', 'acc50102-ca27-11ec-8479-005056c00001', NULL, '测试审核', 'userTask', NULL, '2022-05-02 22:53:49.277', '2022-05-03 00:20:10.068', 2, 5180791, 'Change activity to Event_0clyrnf', '');
INSERT INTO `act_hi_actinst` VALUES ('bcc654a3-ca33-11ec-aa3e-005056c00001', 1, 'Process_1651388121348:1:2e5a0ac3-c91d-11ec-ba35-005056c00001', 'acab5e70-ca27-11ec-8479-005056c00001', 'bcc60682-ca33-11ec-aa3e-005056c00001', 'Event_0clyrnf', NULL, NULL, NULL, 'endEvent', NULL, '2022-05-03 00:20:10.090', '2022-05-03 00:20:10.096', 1, 6, NULL, '');
INSERT INTO `act_hi_actinst` VALUES ('ce564e77-d2ec-11ec-bc0c-005056c00001', 1, 'Process_1651740389270:1:f75f9855-cc50-11ec-b4ba-005056c00001', '2439fc86-cc51-11ec-b4ba-005056c00001', '42a78e92-d2ea-11ec-bc0c-005056c00001', 'Flow_1ltfx6y', NULL, NULL, NULL, 'sequenceFlow', NULL, '2022-05-14 02:45:05.752', '2022-05-14 02:45:05.752', 1, 0, NULL, '');
INSERT INTO `act_hi_actinst` VALUES ('ce567588-d2ec-11ec-bc0c-005056c00001', 1, 'Process_1651740389270:1:f75f9855-cc50-11ec-b4ba-005056c00001', '2439fc86-cc51-11ec-b4ba-005056c00001', '42a78e92-d2ea-11ec-bc0c-005056c00001', 'Gateway_04nk1x0', NULL, NULL, NULL, 'exclusiveGateway', NULL, '2022-05-14 02:45:05.753', '2022-05-14 02:45:05.757', 2, 4, NULL, '');
INSERT INTO `act_hi_actinst` VALUES ('ce5711c9-d2ec-11ec-bc0c-005056c00001', 1, 'Process_1651740389270:1:f75f9855-cc50-11ec-b4ba-005056c00001', '2439fc86-cc51-11ec-b4ba-005056c00001', '42a78e92-d2ea-11ec-bc0c-005056c00001', 'Flow_0uo7bnp', NULL, NULL, '小于等于3天', 'sequenceFlow', NULL, '2022-05-14 02:45:05.757', '2022-05-14 02:45:05.757', 3, 0, NULL, '');
INSERT INTO `act_hi_actinst` VALUES ('ce5711ca-d2ec-11ec-bc0c-005056c00001', 2, 'Process_1651740389270:1:f75f9855-cc50-11ec-b4ba-005056c00001', '2439fc86-cc51-11ec-b4ba-005056c00001', '42a78e92-d2ea-11ec-bc0c-005056c00001', 'Activity_0ffqkhn', 'ce5711cb-d2ec-11ec-bc0c-005056c00001', NULL, '张三审批', 'userTask', '26', '2022-05-14 02:45:05.757', '2022-05-14 02:45:30.710', 4, 24953, 'Change activity to Activity_0s49ztg', '');
INSERT INTO `act_hi_actinst` VALUES ('dd3782bf-d2ec-11ec-bc0c-005056c00001', 1, 'Process_1651740389270:1:f75f9855-cc50-11ec-b4ba-005056c00001', '2439fc86-cc51-11ec-b4ba-005056c00001', 'dd3782be-d2ec-11ec-bc0c-005056c00001', 'Activity_0s49ztg', 'dd3782c0-d2ec-11ec-bc0c-005056c00001', NULL, '请假申请', 'userTask', '1', '2022-05-14 02:45:30.716', NULL, 1, NULL, NULL, '');

-- ----------------------------
-- Table structure for act_hi_attachment
-- ----------------------------
DROP TABLE IF EXISTS `act_hi_attachment`;
CREATE TABLE `act_hi_attachment`  (
  `ID_` varchar(64) CHARACTER SET utf8 COLLATE utf8_bin NOT NULL,
  `REV_` int(11) NULL DEFAULT NULL,
  `USER_ID_` varchar(255) CHARACTER SET utf8 COLLATE utf8_bin NULL DEFAULT NULL,
  `NAME_` varchar(255) CHARACTER SET utf8 COLLATE utf8_bin NULL DEFAULT NULL,
  `DESCRIPTION_` varchar(4000) CHARACTER SET utf8 COLLATE utf8_bin NULL DEFAULT NULL,
  `TYPE_` varchar(255) CHARACTER SET utf8 COLLATE utf8_bin NULL DEFAULT NULL,
  `TASK_ID_` varchar(64) CHARACTER SET utf8 COLLATE utf8_bin NULL DEFAULT NULL,
  `PROC_INST_ID_` varchar(64) CHARACTER SET utf8 COLLATE utf8_bin NULL DEFAULT NULL,
  `URL_` varchar(4000) CHARACTER SET utf8 COLLATE utf8_bin NULL DEFAULT NULL,
  `CONTENT_ID_` varchar(64) CHARACTER SET utf8 COLLATE utf8_bin NULL DEFAULT NULL,
  `TIME_` datetime(3) NULL DEFAULT NULL,
  PRIMARY KEY (`ID_`) USING BTREE
) ENGINE = InnoDB CHARACTER SET = utf8 COLLATE = utf8_bin ROW_FORMAT = Dynamic;

-- ----------------------------
-- Records of act_hi_attachment
-- ----------------------------

-- ----------------------------
-- Table structure for act_hi_comment
-- ----------------------------
DROP TABLE IF EXISTS `act_hi_comment`;
CREATE TABLE `act_hi_comment`  (
  `ID_` varchar(64) CHARACTER SET utf8 COLLATE utf8_bin NOT NULL,
  `TYPE_` varchar(255) CHARACTER SET utf8 COLLATE utf8_bin NULL DEFAULT NULL,
  `TIME_` datetime(3) NOT NULL,
  `USER_ID_` varchar(255) CHARACTER SET utf8 COLLATE utf8_bin NULL DEFAULT NULL,
  `TASK_ID_` varchar(64) CHARACTER SET utf8 COLLATE utf8_bin NULL DEFAULT NULL,
  `PROC_INST_ID_` varchar(64) CHARACTER SET utf8 COLLATE utf8_bin NULL DEFAULT NULL,
  `ACTION_` varchar(255) CHARACTER SET utf8 COLLATE utf8_bin NULL DEFAULT NULL,
  `MESSAGE_` varchar(4000) CHARACTER SET utf8 COLLATE utf8_bin NULL DEFAULT NULL,
  `FULL_MSG_` longblob NULL,
  PRIMARY KEY (`ID_`) USING BTREE
) ENGINE = InnoDB CHARACTER SET = utf8 COLLATE = utf8_bin ROW_FORMAT = Dynamic;

-- ----------------------------
-- Records of act_hi_comment
-- ----------------------------
INSERT INTO `act_hi_comment` VALUES ('159f8bcb-d127-11ec-9e12-005056c00001', '3', '2022-05-11 20:37:13.834', NULL, '2458f64e-cc51-11ec-b4ba-005056c00001', '2439fc86-cc51-11ec-b4ba-005056c00001', 'AddComment', '123', 0x313233);
INSERT INTO `act_hi_comment` VALUES ('15c49eda-d2ea-11ec-bc0c-005056c00001', '1', '2022-05-14 02:25:37.103', NULL, '15aa884e-d127-11ec-9e12-005056c00001', '2439fc86-cc51-11ec-b4ba-005056c00001', 'AddComment', 'mmm', 0x6D6D6D);
INSERT INTO `act_hi_comment` VALUES ('2452b4b8-cc51-11ec-b4ba-005056c00001', '1', '2022-05-05 16:55:41.546', '1', '24414f95-cc51-11ec-b4ba-005056c00001', '2439fc86-cc51-11ec-b4ba-005056c00001', 'AddComment', 'admin发起流程申请', 0x61646D696EE58F91E8B5B7E6B581E7A88BE794B3E8AFB7);
INSERT INTO `act_hi_comment` VALUES ('42a23761-d2ea-11ec-bc0c-005056c00001', '2', '2022-05-14 02:26:52.375', NULL, '15da22af-d2ea-11ec-bc0c-005056c00001', '2439fc86-cc51-11ec-b4ba-005056c00001', 'AddComment', '退回吧', 0xE98080E59B9EE590A7);
INSERT INTO `act_hi_comment` VALUES ('9eba9a93-d2dc-11ec-bc0c-005056c00001', '4', '2022-05-14 00:49:13.931', NULL, '15aa884e-d127-11ec-9e12-005056c00001', '2439fc86-cc51-11ec-b4ba-005056c00001', 'AddComment', 'admin->安纳金: hwb', 0x61646D696E2D3EE5AE89E7BAB3E987913A20687762);
INSERT INTO `act_hi_comment` VALUES ('9ebe4415-d2dc-11ec-bc0c-005056c00001', 'event', '2022-05-14 00:49:13.955', NULL, '15aa884e-d127-11ec-9e12-005056c00001', NULL, 'AddUserLink', '1_|_owner', NULL);
INSERT INTO `act_hi_comment` VALUES ('acc0460e-ca27-11ec-8479-005056c00001', '1', '2022-05-02 22:53:49.246', '1', 'acb1a00b-ca27-11ec-8479-005056c00001', 'acab5e70-ca27-11ec-8479-005056c00001', 'AddComment', 'admin发起流程申请', 0x61646D696EE58F91E8B5B7E6B581E7A88BE794B3E8AFB7);
INSERT INTO `act_hi_comment` VALUES ('c9d9e148-d2dc-11ec-bc0c-005056c00001', '4', '2022-05-14 00:50:26.278', NULL, '15aa884e-d127-11ec-9e12-005056c00001', '2439fc86-cc51-11ec-b4ba-005056c00001', 'AddComment', 'ty', 0x7479);
INSERT INTO `act_hi_comment` VALUES ('ce54eee6-d2ec-11ec-bc0c-005056c00001', '1', '2022-05-14 02:45:05.743', NULL, '42a7b5a4-d2ea-11ec-bc0c-005056c00001', '2439fc86-cc51-11ec-b4ba-005056c00001', 'AddComment', '申请申请', 0xE794B3E8AFB7E794B3E8AFB7);
INSERT INTO `act_hi_comment` VALUES ('dd344e6d-d2ec-11ec-bc0c-005056c00001', '3', '2022-05-14 02:45:30.695', NULL, 'ce5711cb-d2ec-11ec-bc0c-005056c00001', '2439fc86-cc51-11ec-b4ba-005056c00001', 'AddComment', '就此打住', 0xE5B0B1E6ADA4E68993E4BD8F);

-- ----------------------------
-- Table structure for act_hi_detail
-- ----------------------------
DROP TABLE IF EXISTS `act_hi_detail`;
CREATE TABLE `act_hi_detail`  (
  `ID_` varchar(64) CHARACTER SET utf8 COLLATE utf8_bin NOT NULL,
  `TYPE_` varchar(255) CHARACTER SET utf8 COLLATE utf8_bin NOT NULL,
  `PROC_INST_ID_` varchar(64) CHARACTER SET utf8 COLLATE utf8_bin NULL DEFAULT NULL,
  `EXECUTION_ID_` varchar(64) CHARACTER SET utf8 COLLATE utf8_bin NULL DEFAULT NULL,
  `TASK_ID_` varchar(64) CHARACTER SET utf8 COLLATE utf8_bin NULL DEFAULT NULL,
  `ACT_INST_ID_` varchar(64) CHARACTER SET utf8 COLLATE utf8_bin NULL DEFAULT NULL,
  `NAME_` varchar(255) CHARACTER SET utf8 COLLATE utf8_bin NOT NULL,
  `VAR_TYPE_` varchar(255) CHARACTER SET utf8 COLLATE utf8_bin NULL DEFAULT NULL,
  `REV_` int(11) NULL DEFAULT NULL,
  `TIME_` datetime(3) NOT NULL,
  `BYTEARRAY_ID_` varchar(64) CHARACTER SET utf8 COLLATE utf8_bin NULL DEFAULT NULL,
  `DOUBLE_` double NULL DEFAULT NULL,
  `LONG_` bigint(20) NULL DEFAULT NULL,
  `TEXT_` varchar(4000) CHARACTER SET utf8 COLLATE utf8_bin NULL DEFAULT NULL,
  `TEXT2_` varchar(4000) CHARACTER SET utf8 COLLATE utf8_bin NULL DEFAULT NULL,
  PRIMARY KEY (`ID_`) USING BTREE,
  INDEX `ACT_IDX_HI_DETAIL_PROC_INST`(`PROC_INST_ID_`) USING BTREE,
  INDEX `ACT_IDX_HI_DETAIL_ACT_INST`(`ACT_INST_ID_`) USING BTREE,
  INDEX `ACT_IDX_HI_DETAIL_TIME`(`TIME_`) USING BTREE,
  INDEX `ACT_IDX_HI_DETAIL_NAME`(`NAME_`) USING BTREE,
  INDEX `ACT_IDX_HI_DETAIL_TASK_ID`(`TASK_ID_`) USING BTREE
) ENGINE = InnoDB CHARACTER SET = utf8 COLLATE = utf8_bin ROW_FORMAT = Dynamic;

-- ----------------------------
-- Records of act_hi_detail
-- ----------------------------

-- ----------------------------
-- Table structure for act_hi_entitylink
-- ----------------------------
DROP TABLE IF EXISTS `act_hi_entitylink`;
CREATE TABLE `act_hi_entitylink`  (
  `ID_` varchar(64) CHARACTER SET utf8 COLLATE utf8_bin NOT NULL,
  `LINK_TYPE_` varchar(255) CHARACTER SET utf8 COLLATE utf8_bin NULL DEFAULT NULL,
  `CREATE_TIME_` datetime(3) NULL DEFAULT NULL,
  `SCOPE_ID_` varchar(255) CHARACTER SET utf8 COLLATE utf8_bin NULL DEFAULT NULL,
  `SUB_SCOPE_ID_` varchar(255) CHARACTER SET utf8 COLLATE utf8_bin NULL DEFAULT NULL,
  `SCOPE_TYPE_` varchar(255) CHARACTER SET utf8 COLLATE utf8_bin NULL DEFAULT NULL,
  `SCOPE_DEFINITION_ID_` varchar(255) CHARACTER SET utf8 COLLATE utf8_bin NULL DEFAULT NULL,
  `PARENT_ELEMENT_ID_` varchar(255) CHARACTER SET utf8 COLLATE utf8_bin NULL DEFAULT NULL,
  `REF_SCOPE_ID_` varchar(255) CHARACTER SET utf8 COLLATE utf8_bin NULL DEFAULT NULL,
  `REF_SCOPE_TYPE_` varchar(255) CHARACTER SET utf8 COLLATE utf8_bin NULL DEFAULT NULL,
  `REF_SCOPE_DEFINITION_ID_` varchar(255) CHARACTER SET utf8 COLLATE utf8_bin NULL DEFAULT NULL,
  `ROOT_SCOPE_ID_` varchar(255) CHARACTER SET utf8 COLLATE utf8_bin NULL DEFAULT NULL,
  `ROOT_SCOPE_TYPE_` varchar(255) CHARACTER SET utf8 COLLATE utf8_bin NULL DEFAULT NULL,
  `HIERARCHY_TYPE_` varchar(255) CHARACTER SET utf8 COLLATE utf8_bin NULL DEFAULT NULL,
  PRIMARY KEY (`ID_`) USING BTREE,
  INDEX `ACT_IDX_HI_ENT_LNK_SCOPE`(`SCOPE_ID_`, `SCOPE_TYPE_`, `LINK_TYPE_`) USING BTREE,
  INDEX `ACT_IDX_HI_ENT_LNK_REF_SCOPE`(`REF_SCOPE_ID_`, `REF_SCOPE_TYPE_`, `LINK_TYPE_`) USING BTREE,
  INDEX `ACT_IDX_HI_ENT_LNK_ROOT_SCOPE`(`ROOT_SCOPE_ID_`, `ROOT_SCOPE_TYPE_`, `LINK_TYPE_`) USING BTREE,
  INDEX `ACT_IDX_HI_ENT_LNK_SCOPE_DEF`(`SCOPE_DEFINITION_ID_`, `SCOPE_TYPE_`, `LINK_TYPE_`) USING BTREE
) ENGINE = InnoDB CHARACTER SET = utf8 COLLATE = utf8_bin ROW_FORMAT = Dynamic;

-- ----------------------------
-- Records of act_hi_entitylink
-- ----------------------------

-- ----------------------------
-- Table structure for act_hi_identitylink
-- ----------------------------
DROP TABLE IF EXISTS `act_hi_identitylink`;
CREATE TABLE `act_hi_identitylink`  (
  `ID_` varchar(64) CHARACTER SET utf8 COLLATE utf8_bin NOT NULL,
  `GROUP_ID_` varchar(255) CHARACTER SET utf8 COLLATE utf8_bin NULL DEFAULT NULL,
  `TYPE_` varchar(255) CHARACTER SET utf8 COLLATE utf8_bin NULL DEFAULT NULL,
  `USER_ID_` varchar(255) CHARACTER SET utf8 COLLATE utf8_bin NULL DEFAULT NULL,
  `TASK_ID_` varchar(64) CHARACTER SET utf8 COLLATE utf8_bin NULL DEFAULT NULL,
  `CREATE_TIME_` datetime(3) NULL DEFAULT NULL,
  `PROC_INST_ID_` varchar(64) CHARACTER SET utf8 COLLATE utf8_bin NULL DEFAULT NULL,
  `SCOPE_ID_` varchar(255) CHARACTER SET utf8 COLLATE utf8_bin NULL DEFAULT NULL,
  `SUB_SCOPE_ID_` varchar(255) CHARACTER SET utf8 COLLATE utf8_bin NULL DEFAULT NULL,
  `SCOPE_TYPE_` varchar(255) CHARACTER SET utf8 COLLATE utf8_bin NULL DEFAULT NULL,
  `SCOPE_DEFINITION_ID_` varchar(255) CHARACTER SET utf8 COLLATE utf8_bin NULL DEFAULT NULL,
  PRIMARY KEY (`ID_`) USING BTREE,
  INDEX `ACT_IDX_HI_IDENT_LNK_USER`(`USER_ID_`) USING BTREE,
  INDEX `ACT_IDX_HI_IDENT_LNK_SCOPE`(`SCOPE_ID_`, `SCOPE_TYPE_`) USING BTREE,
  INDEX `ACT_IDX_HI_IDENT_LNK_SUB_SCOPE`(`SUB_SCOPE_ID_`, `SCOPE_TYPE_`) USING BTREE,
  INDEX `ACT_IDX_HI_IDENT_LNK_SCOPE_DEF`(`SCOPE_DEFINITION_ID_`, `SCOPE_TYPE_`) USING BTREE,
  INDEX `ACT_IDX_HI_IDENT_LNK_TASK`(`TASK_ID_`) USING BTREE,
  INDEX `ACT_IDX_HI_IDENT_LNK_PROCINST`(`PROC_INST_ID_`) USING BTREE
) ENGINE = InnoDB CHARACTER SET = utf8 COLLATE = utf8_bin ROW_FORMAT = Dynamic;

-- ----------------------------
-- Records of act_hi_identitylink
-- ----------------------------
INSERT INTO `act_hi_identitylink` VALUES ('15ab72af-d127-11ec-9e12-005056c00001', NULL, 'assignee', '1', '15aa884e-d127-11ec-9e12-005056c00001', '2022-05-11 20:37:13.913', NULL, NULL, NULL, NULL, NULL);
INSERT INTO `act_hi_identitylink` VALUES ('15da49c0-d2ea-11ec-bc0c-005056c00001', NULL, 'assignee', '26', '15da22af-d2ea-11ec-bc0c-005056c00001', '2022-05-14 02:25:37.245', NULL, NULL, NULL, NULL, NULL);
INSERT INTO `act_hi_identitylink` VALUES ('243a2397-cc51-11ec-b4ba-005056c00001', NULL, 'starter', '1', NULL, '2022-05-05 16:55:41.386', '2439fc86-cc51-11ec-b4ba-005056c00001', NULL, NULL, NULL, NULL);
INSERT INTO `act_hi_identitylink` VALUES ('244212e6-cc51-11ec-b4ba-005056c00001', NULL, 'assignee', '1', '24414f95-cc51-11ec-b4ba-005056c00001', '2022-05-05 16:55:41.437', NULL, NULL, NULL, NULL, NULL);
INSERT INTO `act_hi_identitylink` VALUES ('244212e7-cc51-11ec-b4ba-005056c00001', NULL, 'participant', '1', NULL, '2022-05-05 16:55:41.437', '2439fc86-cc51-11ec-b4ba-005056c00001', NULL, NULL, NULL, NULL);
INSERT INTO `act_hi_identitylink` VALUES ('2456d369-cc51-11ec-b4ba-005056c00001', NULL, 'participant', '1', NULL, '2022-05-05 16:55:41.573', '2439fc86-cc51-11ec-b4ba-005056c00001', NULL, NULL, NULL, NULL);
INSERT INTO `act_hi_identitylink` VALUES ('2458f64f-cc51-11ec-b4ba-005056c00001', NULL, 'assignee', '26', '2458f64e-cc51-11ec-b4ba-005056c00001', '2022-05-05 16:55:41.587', NULL, NULL, NULL, NULL, NULL);
INSERT INTO `act_hi_identitylink` VALUES ('2458f650-cc51-11ec-b4ba-005056c00001', NULL, 'participant', '26', NULL, '2022-05-05 16:55:41.587', '2439fc86-cc51-11ec-b4ba-005056c00001', NULL, NULL, NULL, NULL);
INSERT INTO `act_hi_identitylink` VALUES ('42a82ad5-d2ea-11ec-bc0c-005056c00001', NULL, 'assignee', '1', '42a7b5a4-d2ea-11ec-bc0c-005056c00001', '2022-05-14 02:26:52.414', NULL, NULL, NULL, NULL, NULL);
INSERT INTO `act_hi_identitylink` VALUES ('9ebd32a4-d2dc-11ec-bc0c-005056c00001', NULL, 'owner', '1', '15aa884e-d127-11ec-9e12-005056c00001', '2022-05-14 00:49:13.948', NULL, NULL, NULL, NULL, NULL);
INSERT INTO `act_hi_identitylink` VALUES ('9ec23bb6-d2dc-11ec-bc0c-005056c00001', NULL, 'assignee', '29', '15aa884e-d127-11ec-9e12-005056c00001', '2022-05-14 00:49:13.981', NULL, NULL, NULL, NULL, NULL);
INSERT INTO `act_hi_identitylink` VALUES ('9ec2d7f7-d2dc-11ec-bc0c-005056c00001', NULL, 'participant', '29', NULL, '2022-05-14 00:49:13.985', '2439fc86-cc51-11ec-b4ba-005056c00001', NULL, NULL, NULL, NULL);
INSERT INTO `act_hi_identitylink` VALUES ('acabac91-ca27-11ec-8479-005056c00001', NULL, 'starter', '1', NULL, '2022-05-02 22:53:49.112', 'acab5e70-ca27-11ec-8479-005056c00001', NULL, NULL, NULL, NULL);
INSERT INTO `act_hi_identitylink` VALUES ('acb1ee2c-ca27-11ec-8479-005056c00001', NULL, 'assignee', '1', 'acb1a00b-ca27-11ec-8479-005056c00001', '2022-05-02 22:53:49.152', NULL, NULL, NULL, NULL, NULL);
INSERT INTO `act_hi_identitylink` VALUES ('acb1ee2d-ca27-11ec-8479-005056c00001', NULL, 'participant', '1', NULL, '2022-05-02 22:53:49.152', 'acab5e70-ca27-11ec-8479-005056c00001', NULL, NULL, NULL, NULL);
INSERT INTO `act_hi_identitylink` VALUES ('acc43daf-ca27-11ec-8479-005056c00001', NULL, 'participant', '1', NULL, '2022-05-02 22:53:49.272', 'acab5e70-ca27-11ec-8479-005056c00001', NULL, NULL, NULL, NULL);
INSERT INTO `act_hi_identitylink` VALUES ('acc50103-ca27-11ec-8479-005056c00001', 'ROLE3', 'candidate', NULL, 'acc50102-ca27-11ec-8479-005056c00001', '2022-05-02 22:53:49.277', NULL, NULL, NULL, NULL, NULL);
INSERT INTO `act_hi_identitylink` VALUES ('c9dc0429-d2dc-11ec-bc0c-005056c00001', NULL, 'assignee', '1', '15aa884e-d127-11ec-9e12-005056c00001', '2022-05-14 00:50:26.292', NULL, NULL, NULL, NULL, NULL);
INSERT INTO `act_hi_identitylink` VALUES ('ce5738dc-d2ec-11ec-bc0c-005056c00001', NULL, 'assignee', '26', 'ce5711cb-d2ec-11ec-bc0c-005056c00001', '2022-05-14 02:45:05.758', NULL, NULL, NULL, NULL, NULL);
INSERT INTO `act_hi_identitylink` VALUES ('dd37a8d1-d2ec-11ec-bc0c-005056c00001', NULL, 'assignee', '1', 'dd3782c0-d2ec-11ec-bc0c-005056c00001', '2022-05-14 02:45:30.717', NULL, NULL, NULL, NULL, NULL);

-- ----------------------------
-- Table structure for act_hi_procinst
-- ----------------------------
DROP TABLE IF EXISTS `act_hi_procinst`;
CREATE TABLE `act_hi_procinst`  (
  `ID_` varchar(64) CHARACTER SET utf8 COLLATE utf8_bin NOT NULL,
  `REV_` int(11) NULL DEFAULT 1,
  `PROC_INST_ID_` varchar(64) CHARACTER SET utf8 COLLATE utf8_bin NOT NULL,
  `BUSINESS_KEY_` varchar(255) CHARACTER SET utf8 COLLATE utf8_bin NULL DEFAULT NULL,
  `PROC_DEF_ID_` varchar(64) CHARACTER SET utf8 COLLATE utf8_bin NOT NULL,
  `START_TIME_` datetime(3) NOT NULL,
  `END_TIME_` datetime(3) NULL DEFAULT NULL,
  `DURATION_` bigint(20) NULL DEFAULT NULL,
  `START_USER_ID_` varchar(255) CHARACTER SET utf8 COLLATE utf8_bin NULL DEFAULT NULL,
  `START_ACT_ID_` varchar(255) CHARACTER SET utf8 COLLATE utf8_bin NULL DEFAULT NULL,
  `END_ACT_ID_` varchar(255) CHARACTER SET utf8 COLLATE utf8_bin NULL DEFAULT NULL,
  `SUPER_PROCESS_INSTANCE_ID_` varchar(64) CHARACTER SET utf8 COLLATE utf8_bin NULL DEFAULT NULL,
  `DELETE_REASON_` varchar(4000) CHARACTER SET utf8 COLLATE utf8_bin NULL DEFAULT NULL,
  `TENANT_ID_` varchar(255) CHARACTER SET utf8 COLLATE utf8_bin NULL DEFAULT '',
  `NAME_` varchar(255) CHARACTER SET utf8 COLLATE utf8_bin NULL DEFAULT NULL,
  `CALLBACK_ID_` varchar(255) CHARACTER SET utf8 COLLATE utf8_bin NULL DEFAULT NULL,
  `CALLBACK_TYPE_` varchar(255) CHARACTER SET utf8 COLLATE utf8_bin NULL DEFAULT NULL,
  `REFERENCE_ID_` varchar(255) CHARACTER SET utf8 COLLATE utf8_bin NULL DEFAULT NULL,
  `REFERENCE_TYPE_` varchar(255) CHARACTER SET utf8 COLLATE utf8_bin NULL DEFAULT NULL,
  `PROPAGATED_STAGE_INST_ID_` varchar(255) CHARACTER SET utf8 COLLATE utf8_bin NULL DEFAULT NULL,
  `BUSINESS_STATUS_` varchar(255) CHARACTER SET utf8 COLLATE utf8_bin NULL DEFAULT NULL,
  PRIMARY KEY (`ID_`) USING BTREE,
  UNIQUE INDEX `PROC_INST_ID_`(`PROC_INST_ID_`) USING BTREE,
  INDEX `ACT_IDX_HI_PRO_INST_END`(`END_TIME_`) USING BTREE,
  INDEX `ACT_IDX_HI_PRO_I_BUSKEY`(`BUSINESS_KEY_`) USING BTREE
) ENGINE = InnoDB CHARACTER SET = utf8 COLLATE = utf8_bin ROW_FORMAT = Dynamic;

-- ----------------------------
-- Records of act_hi_procinst
-- ----------------------------
INSERT INTO `act_hi_procinst` VALUES ('2439fc86-cc51-11ec-b4ba-005056c00001', 1, '2439fc86-cc51-11ec-b4ba-005056c00001', NULL, 'Process_1651740389270:1:f75f9855-cc50-11ec-b4ba-005056c00001', '2022-05-05 16:55:41.384', NULL, NULL, '1', 'Event_19j3ih1', NULL, NULL, NULL, '', NULL, NULL, NULL, NULL, NULL, NULL, NULL);
INSERT INTO `act_hi_procinst` VALUES ('acab5e70-ca27-11ec-8479-005056c00001', 2, 'acab5e70-ca27-11ec-8479-005056c00001', NULL, 'Process_1651388121348:1:2e5a0ac3-c91d-11ec-ba35-005056c00001', '2022-05-02 22:53:49.109', '2022-05-03 00:20:10.153', 5181044, '1', 'Event_15baari', 'Event_0clyrnf', NULL, NULL, '', NULL, NULL, NULL, NULL, NULL, NULL, NULL);

-- ----------------------------
-- Table structure for act_hi_taskinst
-- ----------------------------
DROP TABLE IF EXISTS `act_hi_taskinst`;
CREATE TABLE `act_hi_taskinst`  (
  `ID_` varchar(64) CHARACTER SET utf8 COLLATE utf8_bin NOT NULL,
  `REV_` int(11) NULL DEFAULT 1,
  `PROC_DEF_ID_` varchar(64) CHARACTER SET utf8 COLLATE utf8_bin NULL DEFAULT NULL,
  `TASK_DEF_ID_` varchar(64) CHARACTER SET utf8 COLLATE utf8_bin NULL DEFAULT NULL,
  `TASK_DEF_KEY_` varchar(255) CHARACTER SET utf8 COLLATE utf8_bin NULL DEFAULT NULL,
  `PROC_INST_ID_` varchar(64) CHARACTER SET utf8 COLLATE utf8_bin NULL DEFAULT NULL,
  `EXECUTION_ID_` varchar(64) CHARACTER SET utf8 COLLATE utf8_bin NULL DEFAULT NULL,
  `SCOPE_ID_` varchar(255) CHARACTER SET utf8 COLLATE utf8_bin NULL DEFAULT NULL,
  `SUB_SCOPE_ID_` varchar(255) CHARACTER SET utf8 COLLATE utf8_bin NULL DEFAULT NULL,
  `SCOPE_TYPE_` varchar(255) CHARACTER SET utf8 COLLATE utf8_bin NULL DEFAULT NULL,
  `SCOPE_DEFINITION_ID_` varchar(255) CHARACTER SET utf8 COLLATE utf8_bin NULL DEFAULT NULL,
  `PROPAGATED_STAGE_INST_ID_` varchar(255) CHARACTER SET utf8 COLLATE utf8_bin NULL DEFAULT NULL,
  `NAME_` varchar(255) CHARACTER SET utf8 COLLATE utf8_bin NULL DEFAULT NULL,
  `PARENT_TASK_ID_` varchar(64) CHARACTER SET utf8 COLLATE utf8_bin NULL DEFAULT NULL,
  `DESCRIPTION_` varchar(4000) CHARACTER SET utf8 COLLATE utf8_bin NULL DEFAULT NULL,
  `OWNER_` varchar(255) CHARACTER SET utf8 COLLATE utf8_bin NULL DEFAULT NULL,
  `ASSIGNEE_` varchar(255) CHARACTER SET utf8 COLLATE utf8_bin NULL DEFAULT NULL,
  `START_TIME_` datetime(3) NOT NULL,
  `CLAIM_TIME_` datetime(3) NULL DEFAULT NULL,
  `END_TIME_` datetime(3) NULL DEFAULT NULL,
  `DURATION_` bigint(20) NULL DEFAULT NULL,
  `DELETE_REASON_` varchar(4000) CHARACTER SET utf8 COLLATE utf8_bin NULL DEFAULT NULL,
  `PRIORITY_` int(11) NULL DEFAULT NULL,
  `DUE_DATE_` datetime(3) NULL DEFAULT NULL,
  `FORM_KEY_` varchar(255) CHARACTER SET utf8 COLLATE utf8_bin NULL DEFAULT NULL,
  `CATEGORY_` varchar(255) CHARACTER SET utf8 COLLATE utf8_bin NULL DEFAULT NULL,
  `TENANT_ID_` varchar(255) CHARACTER SET utf8 COLLATE utf8_bin NULL DEFAULT '',
  `LAST_UPDATED_TIME_` datetime(3) NULL DEFAULT NULL,
  PRIMARY KEY (`ID_`) USING BTREE,
  INDEX `ACT_IDX_HI_TASK_SCOPE`(`SCOPE_ID_`, `SCOPE_TYPE_`) USING BTREE,
  INDEX `ACT_IDX_HI_TASK_SUB_SCOPE`(`SUB_SCOPE_ID_`, `SCOPE_TYPE_`) USING BTREE,
  INDEX `ACT_IDX_HI_TASK_SCOPE_DEF`(`SCOPE_DEFINITION_ID_`, `SCOPE_TYPE_`) USING BTREE,
  INDEX `ACT_IDX_HI_TASK_INST_PROCINST`(`PROC_INST_ID_`) USING BTREE
) ENGINE = InnoDB CHARACTER SET = utf8 COLLATE = utf8_bin ROW_FORMAT = Dynamic;

-- ----------------------------
-- Records of act_hi_taskinst
-- ----------------------------
INSERT INTO `act_hi_taskinst` VALUES ('15aa884e-d127-11ec-9e12-005056c00001', 5, 'Process_1651740389270:1:f75f9855-cc50-11ec-b4ba-005056c00001', NULL, 'Activity_0s49ztg', '2439fc86-cc51-11ec-b4ba-005056c00001', '15a690ac-d127-11ec-9e12-005056c00001', NULL, NULL, NULL, NULL, NULL, '请假申请', NULL, NULL, '1', '1', '2022-05-11 20:37:13.883', NULL, '2022-05-14 02:25:37.132', 193703249, NULL, 50, NULL, NULL, NULL, '', '2022-05-14 02:25:37.132');
INSERT INTO `act_hi_taskinst` VALUES ('15da22af-d2ea-11ec-bc0c-005056c00001', 2, 'Process_1651740389270:1:f75f9855-cc50-11ec-b4ba-005056c00001', NULL, 'Activity_0ffqkhn', '2439fc86-cc51-11ec-b4ba-005056c00001', '15a690ac-d127-11ec-9e12-005056c00001', NULL, NULL, NULL, NULL, NULL, '张三审批', NULL, NULL, NULL, '26', '2022-05-14 02:25:37.242', NULL, '2022-05-14 02:26:52.404', 75162, 'Change activity to Activity_0s49ztg', 50, NULL, NULL, NULL, '', '2022-05-14 02:26:52.404');
INSERT INTO `act_hi_taskinst` VALUES ('24414f95-cc51-11ec-b4ba-005056c00001', 2, 'Process_1651740389270:1:f75f9855-cc50-11ec-b4ba-005056c00001', NULL, 'Activity_0s49ztg', '2439fc86-cc51-11ec-b4ba-005056c00001', '243c6d91-cc51-11ec-b4ba-005056c00001', NULL, NULL, NULL, NULL, NULL, '请假申请', NULL, NULL, NULL, '1', '2022-05-05 16:55:41.409', NULL, '2022-05-05 16:55:41.574', 165, NULL, 50, NULL, NULL, NULL, '', '2022-05-05 16:55:41.574');
INSERT INTO `act_hi_taskinst` VALUES ('2458f64e-cc51-11ec-b4ba-005056c00001', 2, 'Process_1651740389270:1:f75f9855-cc50-11ec-b4ba-005056c00001', NULL, 'Activity_0ffqkhn', '2439fc86-cc51-11ec-b4ba-005056c00001', '243c6d91-cc51-11ec-b4ba-005056c00001', NULL, NULL, NULL, NULL, NULL, '张三审批', NULL, NULL, NULL, '26', '2022-05-05 16:55:41.587', NULL, '2022-05-11 20:37:13.873', 531692286, 'Change activity to Activity_0s49ztg', 50, NULL, NULL, NULL, '', '2022-05-11 20:37:13.873');
INSERT INTO `act_hi_taskinst` VALUES ('42a7b5a4-d2ea-11ec-bc0c-005056c00001', 2, 'Process_1651740389270:1:f75f9855-cc50-11ec-b4ba-005056c00001', NULL, 'Activity_0s49ztg', '2439fc86-cc51-11ec-b4ba-005056c00001', '42a78e92-d2ea-11ec-bc0c-005056c00001', NULL, NULL, NULL, NULL, NULL, '请假申请', NULL, NULL, NULL, '1', '2022-05-14 02:26:52.410', NULL, '2022-05-14 02:45:05.749', 1093339, NULL, 50, NULL, NULL, NULL, '', '2022-05-14 02:45:05.749');
INSERT INTO `act_hi_taskinst` VALUES ('acb1a00b-ca27-11ec-8479-005056c00001', 2, 'Process_1651388121348:1:2e5a0ac3-c91d-11ec-ba35-005056c00001', NULL, 'Activity_0feb73g', 'acab5e70-ca27-11ec-8479-005056c00001', 'acadcf77-ca27-11ec-8479-005056c00001', NULL, NULL, NULL, NULL, NULL, 'admin审核', NULL, NULL, NULL, '1', '2022-05-02 22:53:49.133', NULL, '2022-05-02 22:53:49.273', 140, NULL, 50, NULL, NULL, NULL, '', '2022-05-02 22:53:49.273');
INSERT INTO `act_hi_taskinst` VALUES ('acc50102-ca27-11ec-8479-005056c00001', 2, 'Process_1651388121348:1:2e5a0ac3-c91d-11ec-ba35-005056c00001', NULL, 'Activity_1ae68vc', 'acab5e70-ca27-11ec-8479-005056c00001', 'acadcf77-ca27-11ec-8479-005056c00001', NULL, NULL, NULL, NULL, NULL, '测试审核', NULL, NULL, NULL, NULL, '2022-05-02 22:53:49.277', NULL, '2022-05-03 00:20:10.082', 5180805, 'Change activity to Event_0clyrnf', 50, NULL, NULL, NULL, '', '2022-05-03 00:20:10.082');
INSERT INTO `act_hi_taskinst` VALUES ('ce5711cb-d2ec-11ec-bc0c-005056c00001', 2, 'Process_1651740389270:1:f75f9855-cc50-11ec-b4ba-005056c00001', NULL, 'Activity_0ffqkhn', '2439fc86-cc51-11ec-b4ba-005056c00001', '42a78e92-d2ea-11ec-bc0c-005056c00001', NULL, NULL, NULL, NULL, NULL, '张三审批', NULL, NULL, NULL, '26', '2022-05-14 02:45:05.757', NULL, '2022-05-14 02:45:30.715', 24958, 'Change activity to Activity_0s49ztg', 50, NULL, NULL, NULL, '', '2022-05-14 02:45:30.715');
INSERT INTO `act_hi_taskinst` VALUES ('dd3782c0-d2ec-11ec-bc0c-005056c00001', 1, 'Process_1651740389270:1:f75f9855-cc50-11ec-b4ba-005056c00001', NULL, 'Activity_0s49ztg', '2439fc86-cc51-11ec-b4ba-005056c00001', 'dd3782be-d2ec-11ec-bc0c-005056c00001', NULL, NULL, NULL, NULL, NULL, '请假申请', NULL, NULL, NULL, '1', '2022-05-14 02:45:30.716', NULL, NULL, NULL, NULL, 50, NULL, NULL, NULL, '', '2022-05-14 02:45:30.717');

-- ----------------------------
-- Table structure for act_hi_tsk_log
-- ----------------------------
DROP TABLE IF EXISTS `act_hi_tsk_log`;
CREATE TABLE `act_hi_tsk_log`  (
  `ID_` bigint(20) NOT NULL AUTO_INCREMENT,
  `TYPE_` varchar(64) CHARACTER SET utf8 COLLATE utf8_bin NULL DEFAULT NULL,
  `TASK_ID_` varchar(64) CHARACTER SET utf8 COLLATE utf8_bin NOT NULL,
  `TIME_STAMP_` timestamp(3) NOT NULL DEFAULT CURRENT_TIMESTAMP(3) ON UPDATE CURRENT_TIMESTAMP(3),
  `USER_ID_` varchar(255) CHARACTER SET utf8 COLLATE utf8_bin NULL DEFAULT NULL,
  `DATA_` varchar(4000) CHARACTER SET utf8 COLLATE utf8_bin NULL DEFAULT NULL,
  `EXECUTION_ID_` varchar(64) CHARACTER SET utf8 COLLATE utf8_bin NULL DEFAULT NULL,
  `PROC_INST_ID_` varchar(64) CHARACTER SET utf8 COLLATE utf8_bin NULL DEFAULT NULL,
  `PROC_DEF_ID_` varchar(64) CHARACTER SET utf8 COLLATE utf8_bin NULL DEFAULT NULL,
  `SCOPE_ID_` varchar(255) CHARACTER SET utf8 COLLATE utf8_bin NULL DEFAULT NULL,
  `SCOPE_DEFINITION_ID_` varchar(255) CHARACTER SET utf8 COLLATE utf8_bin NULL DEFAULT NULL,
  `SUB_SCOPE_ID_` varchar(255) CHARACTER SET utf8 COLLATE utf8_bin NULL DEFAULT NULL,
  `SCOPE_TYPE_` varchar(255) CHARACTER SET utf8 COLLATE utf8_bin NULL DEFAULT NULL,
  `TENANT_ID_` varchar(255) CHARACTER SET utf8 COLLATE utf8_bin NULL DEFAULT '',
  PRIMARY KEY (`ID_`) USING BTREE
) ENGINE = InnoDB AUTO_INCREMENT = 1 CHARACTER SET = utf8 COLLATE = utf8_bin ROW_FORMAT = Dynamic;

-- ----------------------------
-- Records of act_hi_tsk_log
-- ----------------------------

-- ----------------------------
-- Table structure for act_hi_varinst
-- ----------------------------
DROP TABLE IF EXISTS `act_hi_varinst`;
CREATE TABLE `act_hi_varinst`  (
  `ID_` varchar(64) CHARACTER SET utf8 COLLATE utf8_bin NOT NULL,
  `REV_` int(11) NULL DEFAULT 1,
  `PROC_INST_ID_` varchar(64) CHARACTER SET utf8 COLLATE utf8_bin NULL DEFAULT NULL,
  `EXECUTION_ID_` varchar(64) CHARACTER SET utf8 COLLATE utf8_bin NULL DEFAULT NULL,
  `TASK_ID_` varchar(64) CHARACTER SET utf8 COLLATE utf8_bin NULL DEFAULT NULL,
  `NAME_` varchar(255) CHARACTER SET utf8 COLLATE utf8_bin NOT NULL,
  `VAR_TYPE_` varchar(100) CHARACTER SET utf8 COLLATE utf8_bin NULL DEFAULT NULL,
  `SCOPE_ID_` varchar(255) CHARACTER SET utf8 COLLATE utf8_bin NULL DEFAULT NULL,
  `SUB_SCOPE_ID_` varchar(255) CHARACTER SET utf8 COLLATE utf8_bin NULL DEFAULT NULL,
  `SCOPE_TYPE_` varchar(255) CHARACTER SET utf8 COLLATE utf8_bin NULL DEFAULT NULL,
  `BYTEARRAY_ID_` varchar(64) CHARACTER SET utf8 COLLATE utf8_bin NULL DEFAULT NULL,
  `DOUBLE_` double NULL DEFAULT NULL,
  `LONG_` bigint(20) NULL DEFAULT NULL,
  `TEXT_` varchar(4000) CHARACTER SET utf8 COLLATE utf8_bin NULL DEFAULT NULL,
  `TEXT2_` varchar(4000) CHARACTER SET utf8 COLLATE utf8_bin NULL DEFAULT NULL,
  `CREATE_TIME_` datetime(3) NULL DEFAULT NULL,
  `LAST_UPDATED_TIME_` datetime(3) NULL DEFAULT NULL,
  PRIMARY KEY (`ID_`) USING BTREE,
  INDEX `ACT_IDX_HI_PROCVAR_NAME_TYPE`(`NAME_`, `VAR_TYPE_`) USING BTREE,
  INDEX `ACT_IDX_HI_VAR_SCOPE_ID_TYPE`(`SCOPE_ID_`, `SCOPE_TYPE_`) USING BTREE,
  INDEX `ACT_IDX_HI_VAR_SUB_ID_TYPE`(`SUB_SCOPE_ID_`, `SCOPE_TYPE_`) USING BTREE,
  INDEX `ACT_IDX_HI_PROCVAR_PROC_INST`(`PROC_INST_ID_`) USING BTREE,
  INDEX `ACT_IDX_HI_PROCVAR_TASK_ID`(`TASK_ID_`) USING BTREE,
  INDEX `ACT_IDX_HI_PROCVAR_EXE`(`EXECUTION_ID_`) USING BTREE
) ENGINE = InnoDB CHARACTER SET = utf8 COLLATE = utf8_bin ROW_FORMAT = Dynamic;

-- ----------------------------
-- Records of act_hi_varinst
-- ----------------------------
INSERT INTO `act_hi_varinst` VALUES ('243a4aa8-cc51-11ec-b4ba-005056c00001', 1, '2439fc86-cc51-11ec-b4ba-005056c00001', '2439fc86-cc51-11ec-b4ba-005056c00001', NULL, 'reason', 'string', NULL, NULL, NULL, NULL, NULL, NULL, '123', NULL, '2022-05-05 16:55:41.389', '2022-05-05 16:55:41.562');
INSERT INTO `act_hi_varinst` VALUES ('243c1f6a-cc51-11ec-b4ba-005056c00001', 1, '2439fc86-cc51-11ec-b4ba-005056c00001', '2439fc86-cc51-11ec-b4ba-005056c00001', NULL, 'variables', 'serializable', NULL, NULL, NULL, '243c1f6b-cc51-11ec-b4ba-005056c00001', NULL, NULL, NULL, NULL, '2022-05-05 16:55:41.398', '2022-05-05 16:55:41.568');
INSERT INTO `act_hi_varinst` VALUES ('243c1f6c-cc51-11ec-b4ba-005056c00001', 1, '2439fc86-cc51-11ec-b4ba-005056c00001', '2439fc86-cc51-11ec-b4ba-005056c00001', NULL, 'leaveDays', 'integer', NULL, NULL, NULL, NULL, NULL, 2, '2', NULL, '2022-05-05 16:55:41.398', '2022-05-05 16:55:41.570');
INSERT INTO `act_hi_varinst` VALUES ('243c1f6d-cc51-11ec-b4ba-005056c00001', 1, '2439fc86-cc51-11ec-b4ba-005056c00001', '2439fc86-cc51-11ec-b4ba-005056c00001', NULL, 'initiator', 'string', NULL, NULL, NULL, NULL, NULL, NULL, '1', NULL, '2022-05-05 16:55:41.398', '2022-05-05 16:55:41.570');
INSERT INTO `act_hi_varinst` VALUES ('243c467f-cc51-11ec-b4ba-005056c00001', 1, '2439fc86-cc51-11ec-b4ba-005056c00001', '2439fc86-cc51-11ec-b4ba-005056c00001', NULL, 'leaveDateRange', 'serializable', NULL, NULL, NULL, '243c4680-cc51-11ec-b4ba-005056c00001', NULL, NULL, NULL, NULL, '2022-05-05 16:55:41.399', '2022-05-05 16:55:41.571');
INSERT INTO `act_hi_varinst` VALUES ('acad5a43-ca27-11ec-8479-005056c00001', 1, 'acab5e70-ca27-11ec-8479-005056c00001', 'acab5e70-ca27-11ec-8479-005056c00001', NULL, 'variables', 'serializable', NULL, NULL, NULL, 'acada864-ca27-11ec-8479-005056c00001', NULL, NULL, NULL, NULL, '2022-05-02 22:53:49.124', '2022-05-02 22:53:49.269');
INSERT INTO `act_hi_varinst` VALUES ('acada865-ca27-11ec-8479-005056c00001', 1, 'acab5e70-ca27-11ec-8479-005056c00001', 'acab5e70-ca27-11ec-8479-005056c00001', NULL, 'field101', 'string', NULL, NULL, NULL, NULL, NULL, NULL, '超管', NULL, '2022-05-02 22:53:49.124', '2022-05-02 22:53:49.271');
INSERT INTO `act_hi_varinst` VALUES ('acada866-ca27-11ec-8479-005056c00001', 1, 'acab5e70-ca27-11ec-8479-005056c00001', 'acab5e70-ca27-11ec-8479-005056c00001', NULL, 'initiator', 'string', NULL, NULL, NULL, NULL, NULL, NULL, '1', NULL, '2022-05-02 22:53:49.124', '2022-05-02 22:53:49.272');

-- ----------------------------
-- Table structure for act_procdef_info
-- ----------------------------
DROP TABLE IF EXISTS `act_procdef_info`;
CREATE TABLE `act_procdef_info`  (
  `ID_` varchar(64) CHARACTER SET utf8 COLLATE utf8_bin NOT NULL,
  `PROC_DEF_ID_` varchar(64) CHARACTER SET utf8 COLLATE utf8_bin NOT NULL,
  `REV_` int(11) NULL DEFAULT NULL,
  `INFO_JSON_ID_` varchar(64) CHARACTER SET utf8 COLLATE utf8_bin NULL DEFAULT NULL,
  PRIMARY KEY (`ID_`) USING BTREE,
  UNIQUE INDEX `ACT_UNIQ_INFO_PROCDEF`(`PROC_DEF_ID_`) USING BTREE,
  INDEX `ACT_IDX_INFO_PROCDEF`(`PROC_DEF_ID_`) USING BTREE,
  INDEX `ACT_FK_INFO_JSON_BA`(`INFO_JSON_ID_`) USING BTREE,
  CONSTRAINT `ACT_FK_INFO_JSON_BA` FOREIGN KEY (`INFO_JSON_ID_`) REFERENCES `act_ge_bytearray` (`ID_`) ON DELETE RESTRICT ON UPDATE RESTRICT,
  CONSTRAINT `ACT_FK_INFO_PROCDEF` FOREIGN KEY (`PROC_DEF_ID_`) REFERENCES `act_re_procdef` (`ID_`) ON DELETE RESTRICT ON UPDATE RESTRICT
) ENGINE = InnoDB CHARACTER SET = utf8 COLLATE = utf8_bin ROW_FORMAT = Dynamic;

-- ----------------------------
-- Records of act_procdef_info
-- ----------------------------

-- ----------------------------
-- Table structure for act_re_deployment
-- ----------------------------
DROP TABLE IF EXISTS `act_re_deployment`;
CREATE TABLE `act_re_deployment`  (
  `ID_` varchar(64) CHARACTER SET utf8 COLLATE utf8_bin NOT NULL,
  `NAME_` varchar(255) CHARACTER SET utf8 COLLATE utf8_bin NULL DEFAULT NULL,
  `CATEGORY_` varchar(255) CHARACTER SET utf8 COLLATE utf8_bin NULL DEFAULT NULL,
  `KEY_` varchar(255) CHARACTER SET utf8 COLLATE utf8_bin NULL DEFAULT NULL,
  `TENANT_ID_` varchar(255) CHARACTER SET utf8 COLLATE utf8_bin NULL DEFAULT '',
  `DEPLOY_TIME_` timestamp(3) NULL DEFAULT NULL,
  `DERIVED_FROM_` varchar(64) CHARACTER SET utf8 COLLATE utf8_bin NULL DEFAULT NULL,
  `DERIVED_FROM_ROOT_` varchar(64) CHARACTER SET utf8 COLLATE utf8_bin NULL DEFAULT NULL,
  `PARENT_DEPLOYMENT_ID_` varchar(255) CHARACTER SET utf8 COLLATE utf8_bin NULL DEFAULT NULL,
  `ENGINE_VERSION_` varchar(255) CHARACTER SET utf8 COLLATE utf8_bin NULL DEFAULT NULL,
  PRIMARY KEY (`ID_`) USING BTREE
) ENGINE = InnoDB CHARACTER SET = utf8 COLLATE = utf8_bin ROW_FORMAT = Dynamic;

-- ----------------------------
-- Records of act_re_deployment
-- ----------------------------
INSERT INTO `act_re_deployment` VALUES ('2e3bfb70-c91d-11ec-ba35-005056c00001', '演示流程.bpmn', 'OA', '演示流程', '', '2022-05-01 15:06:10.856', NULL, NULL, '2e3bfb70-c91d-11ec-ba35-005056c00001', NULL);
INSERT INTO `act_re_deployment` VALUES ('879e53ad-cee7-11ec-a0a2-005056c00001', '演示流程.bpmn', 'OA', '演示流程', '', '2022-05-08 23:57:14.970', NULL, NULL, '879e53ad-cee7-11ec-a0a2-005056c00001', NULL);
INSERT INTO `act_re_deployment` VALUES ('f686c482-cc50-11ec-b4ba-005056c00001', '请假流程测试.bpmn', 'OA', '请假流程测试', '', '2022-05-05 16:54:24.709', NULL, NULL, 'f686c482-cc50-11ec-b4ba-005056c00001', NULL);

-- ----------------------------
-- Table structure for act_re_model
-- ----------------------------
DROP TABLE IF EXISTS `act_re_model`;
CREATE TABLE `act_re_model`  (
  `ID_` varchar(64) CHARACTER SET utf8 COLLATE utf8_bin NOT NULL,
  `REV_` int(11) NULL DEFAULT NULL,
  `NAME_` varchar(255) CHARACTER SET utf8 COLLATE utf8_bin NULL DEFAULT NULL,
  `KEY_` varchar(255) CHARACTER SET utf8 COLLATE utf8_bin NULL DEFAULT NULL,
  `CATEGORY_` varchar(255) CHARACTER SET utf8 COLLATE utf8_bin NULL DEFAULT NULL,
  `CREATE_TIME_` timestamp(3) NULL DEFAULT NULL,
  `LAST_UPDATE_TIME_` timestamp(3) NULL DEFAULT NULL,
  `VERSION_` int(11) NULL DEFAULT NULL,
  `META_INFO_` varchar(4000) CHARACTER SET utf8 COLLATE utf8_bin NULL DEFAULT NULL,
  `DEPLOYMENT_ID_` varchar(64) CHARACTER SET utf8 COLLATE utf8_bin NULL DEFAULT NULL,
  `EDITOR_SOURCE_VALUE_ID_` varchar(64) CHARACTER SET utf8 COLLATE utf8_bin NULL DEFAULT NULL,
  `EDITOR_SOURCE_EXTRA_VALUE_ID_` varchar(64) CHARACTER SET utf8 COLLATE utf8_bin NULL DEFAULT NULL,
  `TENANT_ID_` varchar(255) CHARACTER SET utf8 COLLATE utf8_bin NULL DEFAULT '',
  PRIMARY KEY (`ID_`) USING BTREE,
  INDEX `ACT_FK_MODEL_SOURCE`(`EDITOR_SOURCE_VALUE_ID_`) USING BTREE,
  INDEX `ACT_FK_MODEL_SOURCE_EXTRA`(`EDITOR_SOURCE_EXTRA_VALUE_ID_`) USING BTREE,
  INDEX `ACT_FK_MODEL_DEPLOYMENT`(`DEPLOYMENT_ID_`) USING BTREE,
  CONSTRAINT `ACT_FK_MODEL_DEPLOYMENT` FOREIGN KEY (`DEPLOYMENT_ID_`) REFERENCES `act_re_deployment` (`ID_`) ON DELETE RESTRICT ON UPDATE RESTRICT,
  CONSTRAINT `ACT_FK_MODEL_SOURCE` FOREIGN KEY (`EDITOR_SOURCE_VALUE_ID_`) REFERENCES `act_ge_bytearray` (`ID_`) ON DELETE RESTRICT ON UPDATE RESTRICT,
  CONSTRAINT `ACT_FK_MODEL_SOURCE_EXTRA` FOREIGN KEY (`EDITOR_SOURCE_EXTRA_VALUE_ID_`) REFERENCES `act_ge_bytearray` (`ID_`) ON DELETE RESTRICT ON UPDATE RESTRICT
) ENGINE = InnoDB CHARACTER SET = utf8 COLLATE = utf8_bin ROW_FORMAT = Dynamic;

-- ----------------------------
-- Records of act_re_model
-- ----------------------------

-- ----------------------------
-- Table structure for act_re_procdef
-- ----------------------------
DROP TABLE IF EXISTS `act_re_procdef`;
CREATE TABLE `act_re_procdef`  (
  `ID_` varchar(64) CHARACTER SET utf8 COLLATE utf8_bin NOT NULL,
  `REV_` int(11) NULL DEFAULT NULL,
  `CATEGORY_` varchar(255) CHARACTER SET utf8 COLLATE utf8_bin NULL DEFAULT NULL,
  `NAME_` varchar(255) CHARACTER SET utf8 COLLATE utf8_bin NULL DEFAULT NULL,
  `KEY_` varchar(255) CHARACTER SET utf8 COLLATE utf8_bin NOT NULL,
  `VERSION_` int(11) NOT NULL,
  `DEPLOYMENT_ID_` varchar(64) CHARACTER SET utf8 COLLATE utf8_bin NULL DEFAULT NULL,
  `RESOURCE_NAME_` varchar(4000) CHARACTER SET utf8 COLLATE utf8_bin NULL DEFAULT NULL,
  `DGRM_RESOURCE_NAME_` varchar(4000) CHARACTER SET utf8 COLLATE utf8_bin NULL DEFAULT NULL,
  `DESCRIPTION_` varchar(4000) CHARACTER SET utf8 COLLATE utf8_bin NULL DEFAULT NULL,
  `HAS_START_FORM_KEY_` tinyint(4) NULL DEFAULT NULL,
  `HAS_GRAPHICAL_NOTATION_` tinyint(4) NULL DEFAULT NULL,
  `SUSPENSION_STATE_` int(11) NULL DEFAULT NULL,
  `TENANT_ID_` varchar(255) CHARACTER SET utf8 COLLATE utf8_bin NULL DEFAULT '',
  `ENGINE_VERSION_` varchar(255) CHARACTER SET utf8 COLLATE utf8_bin NULL DEFAULT NULL,
  `DERIVED_FROM_` varchar(64) CHARACTER SET utf8 COLLATE utf8_bin NULL DEFAULT NULL,
  `DERIVED_FROM_ROOT_` varchar(64) CHARACTER SET utf8 COLLATE utf8_bin NULL DEFAULT NULL,
  `DERIVED_VERSION_` int(11) NOT NULL DEFAULT 0,
  PRIMARY KEY (`ID_`) USING BTREE,
  UNIQUE INDEX `ACT_UNIQ_PROCDEF`(`KEY_`, `VERSION_`, `DERIVED_VERSION_`, `TENANT_ID_`) USING BTREE
) ENGINE = InnoDB CHARACTER SET = utf8 COLLATE = utf8_bin ROW_FORMAT = Dynamic;

-- ----------------------------
-- Records of act_re_procdef
-- ----------------------------
INSERT INTO `act_re_procdef` VALUES ('Process_1651388121348:1:2e5a0ac3-c91d-11ec-ba35-005056c00001', 3, 'http://flowable.org/bpmn', '演示流程', 'Process_1651388121348', 1, '2e3bfb70-c91d-11ec-ba35-005056c00001', '演示流程.bpmn', '演示流程.Process_1651388121348.png', NULL, 0, 1, 1, '', NULL, NULL, NULL, 0);
INSERT INTO `act_re_procdef` VALUES ('Process_1651388121348:2:88439360-cee7-11ec-a0a2-005056c00001', 3, 'http://flowable.org/bpmn', '演示流程', 'Process_1651388121348', 2, '879e53ad-cee7-11ec-a0a2-005056c00001', '演示流程.bpmn', '演示流程.Process_1651388121348.png', NULL, 0, 1, 1, '', NULL, NULL, NULL, 0);
INSERT INTO `act_re_procdef` VALUES ('Process_1651740389270:1:f75f9855-cc50-11ec-b4ba-005056c00001', 1, 'http://flowable.org/bpmn', '请假流程测试', 'Process_1651740389270', 1, 'f686c482-cc50-11ec-b4ba-005056c00001', '请假流程测试.bpmn', '请假流程测试.Process_1651740389270.png', NULL, 0, 1, 1, '', NULL, NULL, NULL, 0);

-- ----------------------------
-- Table structure for act_ru_actinst
-- ----------------------------
DROP TABLE IF EXISTS `act_ru_actinst`;
CREATE TABLE `act_ru_actinst`  (
  `ID_` varchar(64) CHARACTER SET utf8 COLLATE utf8_bin NOT NULL,
  `REV_` int(11) NULL DEFAULT 1,
  `PROC_DEF_ID_` varchar(64) CHARACTER SET utf8 COLLATE utf8_bin NOT NULL,
  `PROC_INST_ID_` varchar(64) CHARACTER SET utf8 COLLATE utf8_bin NOT NULL,
  `EXECUTION_ID_` varchar(64) CHARACTER SET utf8 COLLATE utf8_bin NOT NULL,
  `ACT_ID_` varchar(255) CHARACTER SET utf8 COLLATE utf8_bin NOT NULL,
  `TASK_ID_` varchar(64) CHARACTER SET utf8 COLLATE utf8_bin NULL DEFAULT NULL,
  `CALL_PROC_INST_ID_` varchar(64) CHARACTER SET utf8 COLLATE utf8_bin NULL DEFAULT NULL,
  `ACT_NAME_` varchar(255) CHARACTER SET utf8 COLLATE utf8_bin NULL DEFAULT NULL,
  `ACT_TYPE_` varchar(255) CHARACTER SET utf8 COLLATE utf8_bin NOT NULL,
  `ASSIGNEE_` varchar(255) CHARACTER SET utf8 COLLATE utf8_bin NULL DEFAULT NULL,
  `START_TIME_` datetime(3) NOT NULL,
  `END_TIME_` datetime(3) NULL DEFAULT NULL,
  `DURATION_` bigint(20) NULL DEFAULT NULL,
  `TRANSACTION_ORDER_` int(11) NULL DEFAULT NULL,
  `DELETE_REASON_` varchar(4000) CHARACTER SET utf8 COLLATE utf8_bin NULL DEFAULT NULL,
  `TENANT_ID_` varchar(255) CHARACTER SET utf8 COLLATE utf8_bin NULL DEFAULT '',
  PRIMARY KEY (`ID_`) USING BTREE,
  INDEX `ACT_IDX_RU_ACTI_START`(`START_TIME_`) USING BTREE,
  INDEX `ACT_IDX_RU_ACTI_END`(`END_TIME_`) USING BTREE,
  INDEX `ACT_IDX_RU_ACTI_PROC`(`PROC_INST_ID_`) USING BTREE,
  INDEX `ACT_IDX_RU_ACTI_PROC_ACT`(`PROC_INST_ID_`, `ACT_ID_`) USING BTREE,
  INDEX `ACT_IDX_RU_ACTI_EXEC`(`EXECUTION_ID_`) USING BTREE,
  INDEX `ACT_IDX_RU_ACTI_EXEC_ACT`(`EXECUTION_ID_`, `ACT_ID_`) USING BTREE,
  INDEX `ACT_IDX_RU_ACTI_TASK`(`TASK_ID_`) USING BTREE
) ENGINE = InnoDB CHARACTER SET = utf8 COLLATE = utf8_bin ROW_FORMAT = Dynamic;

-- ----------------------------
-- Records of act_ru_actinst
-- ----------------------------
INSERT INTO `act_ru_actinst` VALUES ('15a6decd-d127-11ec-9e12-005056c00001', 4, 'Process_1651740389270:1:f75f9855-cc50-11ec-b4ba-005056c00001', '2439fc86-cc51-11ec-b4ba-005056c00001', '15a690ac-d127-11ec-9e12-005056c00001', 'Activity_0s49ztg', '15aa884e-d127-11ec-9e12-005056c00001', NULL, '请假申请', 'userTask', '1', '2022-05-11 20:37:13.883', '2022-05-14 02:25:37.160', 193703277, 1, NULL, '');
INSERT INTO `act_ru_actinst` VALUES ('15d0108b-d2ea-11ec-bc0c-005056c00001', 1, 'Process_1651740389270:1:f75f9855-cc50-11ec-b4ba-005056c00001', '2439fc86-cc51-11ec-b4ba-005056c00001', '15a690ac-d127-11ec-9e12-005056c00001', 'Flow_1ltfx6y', NULL, NULL, NULL, 'sequenceFlow', NULL, '2022-05-14 02:25:37.178', '2022-05-14 02:25:37.178', 0, 1, NULL, '');
INSERT INTO `act_ru_actinst` VALUES ('15d0379c-d2ea-11ec-bc0c-005056c00001', 1, 'Process_1651740389270:1:f75f9855-cc50-11ec-b4ba-005056c00001', '2439fc86-cc51-11ec-b4ba-005056c00001', '15a690ac-d127-11ec-9e12-005056c00001', 'Gateway_04nk1x0', NULL, NULL, NULL, 'exclusiveGateway', NULL, '2022-05-14 02:25:37.179', '2022-05-14 02:25:37.241', 62, 2, NULL, '');
INSERT INTO `act_ru_actinst` VALUES ('15d9ad7d-d2ea-11ec-bc0c-005056c00001', 1, 'Process_1651740389270:1:f75f9855-cc50-11ec-b4ba-005056c00001', '2439fc86-cc51-11ec-b4ba-005056c00001', '15a690ac-d127-11ec-9e12-005056c00001', 'Flow_0uo7bnp', NULL, NULL, '小于等于3天', 'sequenceFlow', NULL, '2022-05-14 02:25:37.241', '2022-05-14 02:25:37.241', 0, 3, NULL, '');
INSERT INTO `act_ru_actinst` VALUES ('15d9d48e-d2ea-11ec-bc0c-005056c00001', 2, 'Process_1651740389270:1:f75f9855-cc50-11ec-b4ba-005056c00001', '2439fc86-cc51-11ec-b4ba-005056c00001', '15a690ac-d127-11ec-9e12-005056c00001', 'Activity_0ffqkhn', '15da22af-d2ea-11ec-bc0c-005056c00001', NULL, '张三审批', 'userTask', '26', '2022-05-14 02:25:37.242', '2022-05-14 02:26:52.399', 75157, 4, 'Change activity to Activity_0s49ztg', '');
INSERT INTO `act_ru_actinst` VALUES ('243c6d92-cc51-11ec-b4ba-005056c00001', 1, 'Process_1651740389270:1:f75f9855-cc50-11ec-b4ba-005056c00001', '2439fc86-cc51-11ec-b4ba-005056c00001', '243c6d91-cc51-11ec-b4ba-005056c00001', 'Event_19j3ih1', NULL, NULL, NULL, 'startEvent', NULL, '2022-05-05 16:55:41.400', '2022-05-05 16:55:41.406', 6, 1, NULL, '');
INSERT INTO `act_ru_actinst` VALUES ('243da613-cc51-11ec-b4ba-005056c00001', 1, 'Process_1651740389270:1:f75f9855-cc50-11ec-b4ba-005056c00001', '2439fc86-cc51-11ec-b4ba-005056c00001', '243c6d91-cc51-11ec-b4ba-005056c00001', 'Flow_1hea56n', NULL, NULL, NULL, 'sequenceFlow', NULL, '2022-05-05 16:55:41.408', '2022-05-05 16:55:41.408', 0, 2, NULL, '');
INSERT INTO `act_ru_actinst` VALUES ('243dcd24-cc51-11ec-b4ba-005056c00001', 2, 'Process_1651740389270:1:f75f9855-cc50-11ec-b4ba-005056c00001', '2439fc86-cc51-11ec-b4ba-005056c00001', '243c6d91-cc51-11ec-b4ba-005056c00001', 'Activity_0s49ztg', '24414f95-cc51-11ec-b4ba-005056c00001', NULL, '请假申请', 'userTask', '1', '2022-05-05 16:55:41.409', '2022-05-05 16:55:41.577', 168, 3, NULL, '');
INSERT INTO `act_ru_actinst` VALUES ('245796ba-cc51-11ec-b4ba-005056c00001', 1, 'Process_1651740389270:1:f75f9855-cc50-11ec-b4ba-005056c00001', '2439fc86-cc51-11ec-b4ba-005056c00001', '243c6d91-cc51-11ec-b4ba-005056c00001', 'Flow_1ltfx6y', NULL, NULL, NULL, 'sequenceFlow', NULL, '2022-05-05 16:55:41.578', '2022-05-05 16:55:41.578', 0, 1, NULL, '');
INSERT INTO `act_ru_actinst` VALUES ('2457bdcb-cc51-11ec-b4ba-005056c00001', 1, 'Process_1651740389270:1:f75f9855-cc50-11ec-b4ba-005056c00001', '2439fc86-cc51-11ec-b4ba-005056c00001', '243c6d91-cc51-11ec-b4ba-005056c00001', 'Gateway_04nk1x0', NULL, NULL, NULL, 'exclusiveGateway', NULL, '2022-05-05 16:55:41.579', '2022-05-05 16:55:41.586', 7, 2, NULL, '');
INSERT INTO `act_ru_actinst` VALUES ('2458cf3c-cc51-11ec-b4ba-005056c00001', 1, 'Process_1651740389270:1:f75f9855-cc50-11ec-b4ba-005056c00001', '2439fc86-cc51-11ec-b4ba-005056c00001', '243c6d91-cc51-11ec-b4ba-005056c00001', 'Flow_0uo7bnp', NULL, NULL, '小于等于3天', 'sequenceFlow', NULL, '2022-05-05 16:55:41.586', '2022-05-05 16:55:41.586', 0, 3, NULL, '');
INSERT INTO `act_ru_actinst` VALUES ('2458f64d-cc51-11ec-b4ba-005056c00001', 2, 'Process_1651740389270:1:f75f9855-cc50-11ec-b4ba-005056c00001', '2439fc86-cc51-11ec-b4ba-005056c00001', '243c6d91-cc51-11ec-b4ba-005056c00001', 'Activity_0ffqkhn', '2458f64e-cc51-11ec-b4ba-005056c00001', NULL, '张三审批', 'userTask', '26', '2022-05-05 16:55:41.587', '2022-05-11 20:37:13.866', 531692279, 4, 'Change activity to Activity_0s49ztg', '');
INSERT INTO `act_ru_actinst` VALUES ('42a78e93-d2ea-11ec-bc0c-005056c00001', 2, 'Process_1651740389270:1:f75f9855-cc50-11ec-b4ba-005056c00001', '2439fc86-cc51-11ec-b4ba-005056c00001', '42a78e92-d2ea-11ec-bc0c-005056c00001', 'Activity_0s49ztg', '42a7b5a4-d2ea-11ec-bc0c-005056c00001', NULL, '请假申请', 'userTask', '1', '2022-05-14 02:26:52.410', '2022-05-14 02:45:05.751', 1093341, 1, NULL, '');
INSERT INTO `act_ru_actinst` VALUES ('ce564e77-d2ec-11ec-bc0c-005056c00001', 1, 'Process_1651740389270:1:f75f9855-cc50-11ec-b4ba-005056c00001', '2439fc86-cc51-11ec-b4ba-005056c00001', '42a78e92-d2ea-11ec-bc0c-005056c00001', 'Flow_1ltfx6y', NULL, NULL, NULL, 'sequenceFlow', NULL, '2022-05-14 02:45:05.752', '2022-05-14 02:45:05.752', 0, 1, NULL, '');
INSERT INTO `act_ru_actinst` VALUES ('ce567588-d2ec-11ec-bc0c-005056c00001', 1, 'Process_1651740389270:1:f75f9855-cc50-11ec-b4ba-005056c00001', '2439fc86-cc51-11ec-b4ba-005056c00001', '42a78e92-d2ea-11ec-bc0c-005056c00001', 'Gateway_04nk1x0', NULL, NULL, NULL, 'exclusiveGateway', NULL, '2022-05-14 02:45:05.753', '2022-05-14 02:45:05.757', 4, 2, NULL, '');
INSERT INTO `act_ru_actinst` VALUES ('ce5711c9-d2ec-11ec-bc0c-005056c00001', 1, 'Process_1651740389270:1:f75f9855-cc50-11ec-b4ba-005056c00001', '2439fc86-cc51-11ec-b4ba-005056c00001', '42a78e92-d2ea-11ec-bc0c-005056c00001', 'Flow_0uo7bnp', NULL, NULL, '小于等于3天', 'sequenceFlow', NULL, '2022-05-14 02:45:05.757', '2022-05-14 02:45:05.757', 0, 3, NULL, '');
INSERT INTO `act_ru_actinst` VALUES ('ce5711ca-d2ec-11ec-bc0c-005056c00001', 2, 'Process_1651740389270:1:f75f9855-cc50-11ec-b4ba-005056c00001', '2439fc86-cc51-11ec-b4ba-005056c00001', '42a78e92-d2ea-11ec-bc0c-005056c00001', 'Activity_0ffqkhn', 'ce5711cb-d2ec-11ec-bc0c-005056c00001', NULL, '张三审批', 'userTask', '26', '2022-05-14 02:45:05.757', '2022-05-14 02:45:30.710', 24953, 4, 'Change activity to Activity_0s49ztg', '');
INSERT INTO `act_ru_actinst` VALUES ('dd3782bf-d2ec-11ec-bc0c-005056c00001', 1, 'Process_1651740389270:1:f75f9855-cc50-11ec-b4ba-005056c00001', '2439fc86-cc51-11ec-b4ba-005056c00001', 'dd3782be-d2ec-11ec-bc0c-005056c00001', 'Activity_0s49ztg', 'dd3782c0-d2ec-11ec-bc0c-005056c00001', NULL, '请假申请', 'userTask', '1', '2022-05-14 02:45:30.716', NULL, NULL, 1, NULL, '');

-- ----------------------------
-- Table structure for act_ru_deadletter_job
-- ----------------------------
DROP TABLE IF EXISTS `act_ru_deadletter_job`;
CREATE TABLE `act_ru_deadletter_job`  (
  `ID_` varchar(64) CHARACTER SET utf8 COLLATE utf8_bin NOT NULL,
  `REV_` int(11) NULL DEFAULT NULL,
  `CATEGORY_` varchar(255) CHARACTER SET utf8 COLLATE utf8_bin NULL DEFAULT NULL,
  `TYPE_` varchar(255) CHARACTER SET utf8 COLLATE utf8_bin NOT NULL,
  `EXCLUSIVE_` tinyint(1) NULL DEFAULT NULL,
  `EXECUTION_ID_` varchar(64) CHARACTER SET utf8 COLLATE utf8_bin NULL DEFAULT NULL,
  `PROCESS_INSTANCE_ID_` varchar(64) CHARACTER SET utf8 COLLATE utf8_bin NULL DEFAULT NULL,
  `PROC_DEF_ID_` varchar(64) CHARACTER SET utf8 COLLATE utf8_bin NULL DEFAULT NULL,
  `ELEMENT_ID_` varchar(255) CHARACTER SET utf8 COLLATE utf8_bin NULL DEFAULT NULL,
  `ELEMENT_NAME_` varchar(255) CHARACTER SET utf8 COLLATE utf8_bin NULL DEFAULT NULL,
  `SCOPE_ID_` varchar(255) CHARACTER SET utf8 COLLATE utf8_bin NULL DEFAULT NULL,
  `SUB_SCOPE_ID_` varchar(255) CHARACTER SET utf8 COLLATE utf8_bin NULL DEFAULT NULL,
  `SCOPE_TYPE_` varchar(255) CHARACTER SET utf8 COLLATE utf8_bin NULL DEFAULT NULL,
  `SCOPE_DEFINITION_ID_` varchar(255) CHARACTER SET utf8 COLLATE utf8_bin NULL DEFAULT NULL,
  `CORRELATION_ID_` varchar(255) CHARACTER SET utf8 COLLATE utf8_bin NULL DEFAULT NULL,
  `EXCEPTION_STACK_ID_` varchar(64) CHARACTER SET utf8 COLLATE utf8_bin NULL DEFAULT NULL,
  `EXCEPTION_MSG_` varchar(4000) CHARACTER SET utf8 COLLATE utf8_bin NULL DEFAULT NULL,
  `DUEDATE_` timestamp(3) NULL DEFAULT NULL,
  `REPEAT_` varchar(255) CHARACTER SET utf8 COLLATE utf8_bin NULL DEFAULT NULL,
  `HANDLER_TYPE_` varchar(255) CHARACTER SET utf8 COLLATE utf8_bin NULL DEFAULT NULL,
  `HANDLER_CFG_` varchar(4000) CHARACTER SET utf8 COLLATE utf8_bin NULL DEFAULT NULL,
  `CUSTOM_VALUES_ID_` varchar(64) CHARACTER SET utf8 COLLATE utf8_bin NULL DEFAULT NULL,
  `CREATE_TIME_` timestamp(3) NULL DEFAULT NULL,
  `TENANT_ID_` varchar(255) CHARACTER SET utf8 COLLATE utf8_bin NULL DEFAULT '',
  PRIMARY KEY (`ID_`) USING BTREE,
  INDEX `ACT_IDX_DEADLETTER_JOB_EXCEPTION_STACK_ID`(`EXCEPTION_STACK_ID_`) USING BTREE,
  INDEX `ACT_IDX_DEADLETTER_JOB_CUSTOM_VALUES_ID`(`CUSTOM_VALUES_ID_`) USING BTREE,
  INDEX `ACT_IDX_DEADLETTER_JOB_CORRELATION_ID`(`CORRELATION_ID_`) USING BTREE,
  INDEX `ACT_IDX_DJOB_SCOPE`(`SCOPE_ID_`, `SCOPE_TYPE_`) USING BTREE,
  INDEX `ACT_IDX_DJOB_SUB_SCOPE`(`SUB_SCOPE_ID_`, `SCOPE_TYPE_`) USING BTREE,
  INDEX `ACT_IDX_DJOB_SCOPE_DEF`(`SCOPE_DEFINITION_ID_`, `SCOPE_TYPE_`) USING BTREE,
  INDEX `ACT_FK_DEADLETTER_JOB_EXECUTION`(`EXECUTION_ID_`) USING BTREE,
  INDEX `ACT_FK_DEADLETTER_JOB_PROCESS_INSTANCE`(`PROCESS_INSTANCE_ID_`) USING BTREE,
  INDEX `ACT_FK_DEADLETTER_JOB_PROC_DEF`(`PROC_DEF_ID_`) USING BTREE,
  CONSTRAINT `ACT_FK_DEADLETTER_JOB_CUSTOM_VALUES` FOREIGN KEY (`CUSTOM_VALUES_ID_`) REFERENCES `act_ge_bytearray` (`ID_`) ON DELETE RESTRICT ON UPDATE RESTRICT,
  CONSTRAINT `ACT_FK_DEADLETTER_JOB_EXCEPTION` FOREIGN KEY (`EXCEPTION_STACK_ID_`) REFERENCES `act_ge_bytearray` (`ID_`) ON DELETE RESTRICT ON UPDATE RESTRICT,
  CONSTRAINT `ACT_FK_DEADLETTER_JOB_EXECUTION` FOREIGN KEY (`EXECUTION_ID_`) REFERENCES `act_ru_execution` (`ID_`) ON DELETE RESTRICT ON UPDATE RESTRICT,
  CONSTRAINT `ACT_FK_DEADLETTER_JOB_PROCESS_INSTANCE` FOREIGN KEY (`PROCESS_INSTANCE_ID_`) REFERENCES `act_ru_execution` (`ID_`) ON DELETE RESTRICT ON UPDATE RESTRICT,
  CONSTRAINT `ACT_FK_DEADLETTER_JOB_PROC_DEF` FOREIGN KEY (`PROC_DEF_ID_`) REFERENCES `act_re_procdef` (`ID_`) ON DELETE RESTRICT ON UPDATE RESTRICT
) ENGINE = InnoDB CHARACTER SET = utf8 COLLATE = utf8_bin ROW_FORMAT = Dynamic;

-- ----------------------------
-- Records of act_ru_deadletter_job
-- ----------------------------

-- ----------------------------
-- Table structure for act_ru_entitylink
-- ----------------------------
DROP TABLE IF EXISTS `act_ru_entitylink`;
CREATE TABLE `act_ru_entitylink`  (
  `ID_` varchar(64) CHARACTER SET utf8 COLLATE utf8_bin NOT NULL,
  `REV_` int(11) NULL DEFAULT NULL,
  `CREATE_TIME_` datetime(3) NULL DEFAULT NULL,
  `LINK_TYPE_` varchar(255) CHARACTER SET utf8 COLLATE utf8_bin NULL DEFAULT NULL,
  `SCOPE_ID_` varchar(255) CHARACTER SET utf8 COLLATE utf8_bin NULL DEFAULT NULL,
  `SUB_SCOPE_ID_` varchar(255) CHARACTER SET utf8 COLLATE utf8_bin NULL DEFAULT NULL,
  `SCOPE_TYPE_` varchar(255) CHARACTER SET utf8 COLLATE utf8_bin NULL DEFAULT NULL,
  `SCOPE_DEFINITION_ID_` varchar(255) CHARACTER SET utf8 COLLATE utf8_bin NULL DEFAULT NULL,
  `PARENT_ELEMENT_ID_` varchar(255) CHARACTER SET utf8 COLLATE utf8_bin NULL DEFAULT NULL,
  `REF_SCOPE_ID_` varchar(255) CHARACTER SET utf8 COLLATE utf8_bin NULL DEFAULT NULL,
  `REF_SCOPE_TYPE_` varchar(255) CHARACTER SET utf8 COLLATE utf8_bin NULL DEFAULT NULL,
  `REF_SCOPE_DEFINITION_ID_` varchar(255) CHARACTER SET utf8 COLLATE utf8_bin NULL DEFAULT NULL,
  `ROOT_SCOPE_ID_` varchar(255) CHARACTER SET utf8 COLLATE utf8_bin NULL DEFAULT NULL,
  `ROOT_SCOPE_TYPE_` varchar(255) CHARACTER SET utf8 COLLATE utf8_bin NULL DEFAULT NULL,
  `HIERARCHY_TYPE_` varchar(255) CHARACTER SET utf8 COLLATE utf8_bin NULL DEFAULT NULL,
  PRIMARY KEY (`ID_`) USING BTREE,
  INDEX `ACT_IDX_ENT_LNK_SCOPE`(`SCOPE_ID_`, `SCOPE_TYPE_`, `LINK_TYPE_`) USING BTREE,
  INDEX `ACT_IDX_ENT_LNK_REF_SCOPE`(`REF_SCOPE_ID_`, `REF_SCOPE_TYPE_`, `LINK_TYPE_`) USING BTREE,
  INDEX `ACT_IDX_ENT_LNK_ROOT_SCOPE`(`ROOT_SCOPE_ID_`, `ROOT_SCOPE_TYPE_`, `LINK_TYPE_`) USING BTREE,
  INDEX `ACT_IDX_ENT_LNK_SCOPE_DEF`(`SCOPE_DEFINITION_ID_`, `SCOPE_TYPE_`, `LINK_TYPE_`) USING BTREE
) ENGINE = InnoDB CHARACTER SET = utf8 COLLATE = utf8_bin ROW_FORMAT = Dynamic;

-- ----------------------------
-- Records of act_ru_entitylink
-- ----------------------------

-- ----------------------------
-- Table structure for act_ru_event_subscr
-- ----------------------------
DROP TABLE IF EXISTS `act_ru_event_subscr`;
CREATE TABLE `act_ru_event_subscr`  (
  `ID_` varchar(64) CHARACTER SET utf8 COLLATE utf8_bin NOT NULL,
  `REV_` int(11) NULL DEFAULT NULL,
  `EVENT_TYPE_` varchar(255) CHARACTER SET utf8 COLLATE utf8_bin NOT NULL,
  `EVENT_NAME_` varchar(255) CHARACTER SET utf8 COLLATE utf8_bin NULL DEFAULT NULL,
  `EXECUTION_ID_` varchar(64) CHARACTER SET utf8 COLLATE utf8_bin NULL DEFAULT NULL,
  `PROC_INST_ID_` varchar(64) CHARACTER SET utf8 COLLATE utf8_bin NULL DEFAULT NULL,
  `ACTIVITY_ID_` varchar(64) CHARACTER SET utf8 COLLATE utf8_bin NULL DEFAULT NULL,
  `CONFIGURATION_` varchar(255) CHARACTER SET utf8 COLLATE utf8_bin NULL DEFAULT NULL,
  `CREATED_` timestamp(3) NOT NULL DEFAULT CURRENT_TIMESTAMP(3),
  `PROC_DEF_ID_` varchar(64) CHARACTER SET utf8 COLLATE utf8_bin NULL DEFAULT NULL,
  `SUB_SCOPE_ID_` varchar(64) CHARACTER SET utf8 COLLATE utf8_bin NULL DEFAULT NULL,
  `SCOPE_ID_` varchar(64) CHARACTER SET utf8 COLLATE utf8_bin NULL DEFAULT NULL,
  `SCOPE_DEFINITION_ID_` varchar(64) CHARACTER SET utf8 COLLATE utf8_bin NULL DEFAULT NULL,
  `SCOPE_TYPE_` varchar(64) CHARACTER SET utf8 COLLATE utf8_bin NULL DEFAULT NULL,
  `TENANT_ID_` varchar(255) CHARACTER SET utf8 COLLATE utf8_bin NULL DEFAULT '',
  PRIMARY KEY (`ID_`) USING BTREE,
  INDEX `ACT_IDX_EVENT_SUBSCR_CONFIG_`(`CONFIGURATION_`) USING BTREE,
  INDEX `ACT_FK_EVENT_EXEC`(`EXECUTION_ID_`) USING BTREE,
  CONSTRAINT `ACT_FK_EVENT_EXEC` FOREIGN KEY (`EXECUTION_ID_`) REFERENCES `act_ru_execution` (`ID_`) ON DELETE RESTRICT ON UPDATE RESTRICT
) ENGINE = InnoDB CHARACTER SET = utf8 COLLATE = utf8_bin ROW_FORMAT = Dynamic;

-- ----------------------------
-- Records of act_ru_event_subscr
-- ----------------------------

-- ----------------------------
-- Table structure for act_ru_execution
-- ----------------------------
DROP TABLE IF EXISTS `act_ru_execution`;
CREATE TABLE `act_ru_execution`  (
  `ID_` varchar(64) CHARACTER SET utf8 COLLATE utf8_bin NOT NULL,
  `REV_` int(11) NULL DEFAULT NULL,
  `PROC_INST_ID_` varchar(64) CHARACTER SET utf8 COLLATE utf8_bin NULL DEFAULT NULL,
  `BUSINESS_KEY_` varchar(255) CHARACTER SET utf8 COLLATE utf8_bin NULL DEFAULT NULL,
  `PARENT_ID_` varchar(64) CHARACTER SET utf8 COLLATE utf8_bin NULL DEFAULT NULL,
  `PROC_DEF_ID_` varchar(64) CHARACTER SET utf8 COLLATE utf8_bin NULL DEFAULT NULL,
  `SUPER_EXEC_` varchar(64) CHARACTER SET utf8 COLLATE utf8_bin NULL DEFAULT NULL,
  `ROOT_PROC_INST_ID_` varchar(64) CHARACTER SET utf8 COLLATE utf8_bin NULL DEFAULT NULL,
  `ACT_ID_` varchar(255) CHARACTER SET utf8 COLLATE utf8_bin NULL DEFAULT NULL,
  `IS_ACTIVE_` tinyint(4) NULL DEFAULT NULL,
  `IS_CONCURRENT_` tinyint(4) NULL DEFAULT NULL,
  `IS_SCOPE_` tinyint(4) NULL DEFAULT NULL,
  `IS_EVENT_SCOPE_` tinyint(4) NULL DEFAULT NULL,
  `IS_MI_ROOT_` tinyint(4) NULL DEFAULT NULL,
  `SUSPENSION_STATE_` int(11) NULL DEFAULT NULL,
  `CACHED_ENT_STATE_` int(11) NULL DEFAULT NULL,
  `TENANT_ID_` varchar(255) CHARACTER SET utf8 COLLATE utf8_bin NULL DEFAULT '',
  `NAME_` varchar(255) CHARACTER SET utf8 COLLATE utf8_bin NULL DEFAULT NULL,
  `START_ACT_ID_` varchar(255) CHARACTER SET utf8 COLLATE utf8_bin NULL DEFAULT NULL,
  `START_TIME_` datetime(3) NULL DEFAULT NULL,
  `START_USER_ID_` varchar(255) CHARACTER SET utf8 COLLATE utf8_bin NULL DEFAULT NULL,
  `LOCK_TIME_` timestamp(3) NULL DEFAULT NULL,
  `LOCK_OWNER_` varchar(255) CHARACTER SET utf8 COLLATE utf8_bin NULL DEFAULT NULL,
  `IS_COUNT_ENABLED_` tinyint(4) NULL DEFAULT NULL,
  `EVT_SUBSCR_COUNT_` int(11) NULL DEFAULT NULL,
  `TASK_COUNT_` int(11) NULL DEFAULT NULL,
  `JOB_COUNT_` int(11) NULL DEFAULT NULL,
  `TIMER_JOB_COUNT_` int(11) NULL DEFAULT NULL,
  `SUSP_JOB_COUNT_` int(11) NULL DEFAULT NULL,
  `DEADLETTER_JOB_COUNT_` int(11) NULL DEFAULT NULL,
  `EXTERNAL_WORKER_JOB_COUNT_` int(11) NULL DEFAULT NULL,
  `VAR_COUNT_` int(11) NULL DEFAULT NULL,
  `ID_LINK_COUNT_` int(11) NULL DEFAULT NULL,
  `CALLBACK_ID_` varchar(255) CHARACTER SET utf8 COLLATE utf8_bin NULL DEFAULT NULL,
  `CALLBACK_TYPE_` varchar(255) CHARACTER SET utf8 COLLATE utf8_bin NULL DEFAULT NULL,
  `REFERENCE_ID_` varchar(255) CHARACTER SET utf8 COLLATE utf8_bin NULL DEFAULT NULL,
  `REFERENCE_TYPE_` varchar(255) CHARACTER SET utf8 COLLATE utf8_bin NULL DEFAULT NULL,
  `PROPAGATED_STAGE_INST_ID_` varchar(255) CHARACTER SET utf8 COLLATE utf8_bin NULL DEFAULT NULL,
  `BUSINESS_STATUS_` varchar(255) CHARACTER SET utf8 COLLATE utf8_bin NULL DEFAULT NULL,
  PRIMARY KEY (`ID_`) USING BTREE,
  INDEX `ACT_IDX_EXEC_BUSKEY`(`BUSINESS_KEY_`) USING BTREE,
  INDEX `ACT_IDC_EXEC_ROOT`(`ROOT_PROC_INST_ID_`) USING BTREE,
  INDEX `ACT_IDX_EXEC_REF_ID_`(`REFERENCE_ID_`) USING BTREE,
  INDEX `ACT_FK_EXE_PROCINST`(`PROC_INST_ID_`) USING BTREE,
  INDEX `ACT_FK_EXE_PARENT`(`PARENT_ID_`) USING BTREE,
  INDEX `ACT_FK_EXE_SUPER`(`SUPER_EXEC_`) USING BTREE,
  INDEX `ACT_FK_EXE_PROCDEF`(`PROC_DEF_ID_`) USING BTREE,
  CONSTRAINT `ACT_FK_EXE_PARENT` FOREIGN KEY (`PARENT_ID_`) REFERENCES `act_ru_execution` (`ID_`) ON DELETE CASCADE ON UPDATE RESTRICT,
  CONSTRAINT `ACT_FK_EXE_PROCDEF` FOREIGN KEY (`PROC_DEF_ID_`) REFERENCES `act_re_procdef` (`ID_`) ON DELETE RESTRICT ON UPDATE RESTRICT,
  CONSTRAINT `ACT_FK_EXE_PROCINST` FOREIGN KEY (`PROC_INST_ID_`) REFERENCES `act_ru_execution` (`ID_`) ON DELETE CASCADE ON UPDATE CASCADE,
  CONSTRAINT `ACT_FK_EXE_SUPER` FOREIGN KEY (`SUPER_EXEC_`) REFERENCES `act_ru_execution` (`ID_`) ON DELETE CASCADE ON UPDATE RESTRICT
) ENGINE = InnoDB CHARACTER SET = utf8 COLLATE = utf8_bin ROW_FORMAT = Dynamic;

-- ----------------------------
-- Records of act_ru_execution
-- ----------------------------
INSERT INTO `act_ru_execution` VALUES ('2439fc86-cc51-11ec-b4ba-005056c00001', 1, '2439fc86-cc51-11ec-b4ba-005056c00001', NULL, NULL, 'Process_1651740389270:1:f75f9855-cc50-11ec-b4ba-005056c00001', NULL, '2439fc86-cc51-11ec-b4ba-005056c00001', NULL, 1, 0, 1, 0, 0, 1, NULL, '', NULL, 'Event_19j3ih1', '2022-05-05 16:55:41.384', '1', NULL, NULL, 1, 0, 0, 0, 0, 0, 0, 0, 0, 0, NULL, NULL, NULL, NULL, NULL, NULL);
INSERT INTO `act_ru_execution` VALUES ('dd3782be-d2ec-11ec-bc0c-005056c00001', 1, '2439fc86-cc51-11ec-b4ba-005056c00001', NULL, '2439fc86-cc51-11ec-b4ba-005056c00001', 'Process_1651740389270:1:f75f9855-cc50-11ec-b4ba-005056c00001', NULL, '2439fc86-cc51-11ec-b4ba-005056c00001', 'Activity_0s49ztg', 1, 0, 0, 0, 0, 1, NULL, '', NULL, NULL, '2022-05-14 02:45:30.715', NULL, NULL, NULL, 1, 0, 1, 0, 0, 0, 0, 0, 0, 0, NULL, NULL, NULL, NULL, NULL, NULL);

-- ----------------------------
-- Table structure for act_ru_external_job
-- ----------------------------
DROP TABLE IF EXISTS `act_ru_external_job`;
CREATE TABLE `act_ru_external_job`  (
  `ID_` varchar(64) CHARACTER SET utf8 COLLATE utf8_bin NOT NULL,
  `REV_` int(11) NULL DEFAULT NULL,
  `CATEGORY_` varchar(255) CHARACTER SET utf8 COLLATE utf8_bin NULL DEFAULT NULL,
  `TYPE_` varchar(255) CHARACTER SET utf8 COLLATE utf8_bin NOT NULL,
  `LOCK_EXP_TIME_` timestamp(3) NULL DEFAULT NULL,
  `LOCK_OWNER_` varchar(255) CHARACTER SET utf8 COLLATE utf8_bin NULL DEFAULT NULL,
  `EXCLUSIVE_` tinyint(1) NULL DEFAULT NULL,
  `EXECUTION_ID_` varchar(64) CHARACTER SET utf8 COLLATE utf8_bin NULL DEFAULT NULL,
  `PROCESS_INSTANCE_ID_` varchar(64) CHARACTER SET utf8 COLLATE utf8_bin NULL DEFAULT NULL,
  `PROC_DEF_ID_` varchar(64) CHARACTER SET utf8 COLLATE utf8_bin NULL DEFAULT NULL,
  `ELEMENT_ID_` varchar(255) CHARACTER SET utf8 COLLATE utf8_bin NULL DEFAULT NULL,
  `ELEMENT_NAME_` varchar(255) CHARACTER SET utf8 COLLATE utf8_bin NULL DEFAULT NULL,
  `SCOPE_ID_` varchar(255) CHARACTER SET utf8 COLLATE utf8_bin NULL DEFAULT NULL,
  `SUB_SCOPE_ID_` varchar(255) CHARACTER SET utf8 COLLATE utf8_bin NULL DEFAULT NULL,
  `SCOPE_TYPE_` varchar(255) CHARACTER SET utf8 COLLATE utf8_bin NULL DEFAULT NULL,
  `SCOPE_DEFINITION_ID_` varchar(255) CHARACTER SET utf8 COLLATE utf8_bin NULL DEFAULT NULL,
  `CORRELATION_ID_` varchar(255) CHARACTER SET utf8 COLLATE utf8_bin NULL DEFAULT NULL,
  `RETRIES_` int(11) NULL DEFAULT NULL,
  `EXCEPTION_STACK_ID_` varchar(64) CHARACTER SET utf8 COLLATE utf8_bin NULL DEFAULT NULL,
  `EXCEPTION_MSG_` varchar(4000) CHARACTER SET utf8 COLLATE utf8_bin NULL DEFAULT NULL,
  `DUEDATE_` timestamp(3) NULL DEFAULT NULL,
  `REPEAT_` varchar(255) CHARACTER SET utf8 COLLATE utf8_bin NULL DEFAULT NULL,
  `HANDLER_TYPE_` varchar(255) CHARACTER SET utf8 COLLATE utf8_bin NULL DEFAULT NULL,
  `HANDLER_CFG_` varchar(4000) CHARACTER SET utf8 COLLATE utf8_bin NULL DEFAULT NULL,
  `CUSTOM_VALUES_ID_` varchar(64) CHARACTER SET utf8 COLLATE utf8_bin NULL DEFAULT NULL,
  `CREATE_TIME_` timestamp(3) NULL DEFAULT NULL,
  `TENANT_ID_` varchar(255) CHARACTER SET utf8 COLLATE utf8_bin NULL DEFAULT '',
  PRIMARY KEY (`ID_`) USING BTREE,
  INDEX `ACT_IDX_EXTERNAL_JOB_EXCEPTION_STACK_ID`(`EXCEPTION_STACK_ID_`) USING BTREE,
  INDEX `ACT_IDX_EXTERNAL_JOB_CUSTOM_VALUES_ID`(`CUSTOM_VALUES_ID_`) USING BTREE,
  INDEX `ACT_IDX_EXTERNAL_JOB_CORRELATION_ID`(`CORRELATION_ID_`) USING BTREE,
  INDEX `ACT_IDX_EJOB_SCOPE`(`SCOPE_ID_`, `SCOPE_TYPE_`) USING BTREE,
  INDEX `ACT_IDX_EJOB_SUB_SCOPE`(`SUB_SCOPE_ID_`, `SCOPE_TYPE_`) USING BTREE,
  INDEX `ACT_IDX_EJOB_SCOPE_DEF`(`SCOPE_DEFINITION_ID_`, `SCOPE_TYPE_`) USING BTREE,
  CONSTRAINT `ACT_FK_EXTERNAL_JOB_CUSTOM_VALUES` FOREIGN KEY (`CUSTOM_VALUES_ID_`) REFERENCES `act_ge_bytearray` (`ID_`) ON DELETE RESTRICT ON UPDATE RESTRICT,
  CONSTRAINT `ACT_FK_EXTERNAL_JOB_EXCEPTION` FOREIGN KEY (`EXCEPTION_STACK_ID_`) REFERENCES `act_ge_bytearray` (`ID_`) ON DELETE RESTRICT ON UPDATE RESTRICT
) ENGINE = InnoDB CHARACTER SET = utf8 COLLATE = utf8_bin ROW_FORMAT = Dynamic;

-- ----------------------------
-- Records of act_ru_external_job
-- ----------------------------

-- ----------------------------
-- Table structure for act_ru_history_job
-- ----------------------------
DROP TABLE IF EXISTS `act_ru_history_job`;
CREATE TABLE `act_ru_history_job`  (
  `ID_` varchar(64) CHARACTER SET utf8 COLLATE utf8_bin NOT NULL,
  `REV_` int(11) NULL DEFAULT NULL,
  `LOCK_EXP_TIME_` timestamp(3) NULL DEFAULT NULL,
  `LOCK_OWNER_` varchar(255) CHARACTER SET utf8 COLLATE utf8_bin NULL DEFAULT NULL,
  `RETRIES_` int(11) NULL DEFAULT NULL,
  `EXCEPTION_STACK_ID_` varchar(64) CHARACTER SET utf8 COLLATE utf8_bin NULL DEFAULT NULL,
  `EXCEPTION_MSG_` varchar(4000) CHARACTER SET utf8 COLLATE utf8_bin NULL DEFAULT NULL,
  `HANDLER_TYPE_` varchar(255) CHARACTER SET utf8 COLLATE utf8_bin NULL DEFAULT NULL,
  `HANDLER_CFG_` varchar(4000) CHARACTER SET utf8 COLLATE utf8_bin NULL DEFAULT NULL,
  `CUSTOM_VALUES_ID_` varchar(64) CHARACTER SET utf8 COLLATE utf8_bin NULL DEFAULT NULL,
  `ADV_HANDLER_CFG_ID_` varchar(64) CHARACTER SET utf8 COLLATE utf8_bin NULL DEFAULT NULL,
  `CREATE_TIME_` timestamp(3) NULL DEFAULT NULL,
  `SCOPE_TYPE_` varchar(255) CHARACTER SET utf8 COLLATE utf8_bin NULL DEFAULT NULL,
  `TENANT_ID_` varchar(255) CHARACTER SET utf8 COLLATE utf8_bin NULL DEFAULT '',
  PRIMARY KEY (`ID_`) USING BTREE
) ENGINE = InnoDB CHARACTER SET = utf8 COLLATE = utf8_bin ROW_FORMAT = Dynamic;

-- ----------------------------
-- Records of act_ru_history_job
-- ----------------------------

-- ----------------------------
-- Table structure for act_ru_identitylink
-- ----------------------------
DROP TABLE IF EXISTS `act_ru_identitylink`;
CREATE TABLE `act_ru_identitylink`  (
  `ID_` varchar(64) CHARACTER SET utf8 COLLATE utf8_bin NOT NULL,
  `REV_` int(11) NULL DEFAULT NULL,
  `GROUP_ID_` varchar(255) CHARACTER SET utf8 COLLATE utf8_bin NULL DEFAULT NULL,
  `TYPE_` varchar(255) CHARACTER SET utf8 COLLATE utf8_bin NULL DEFAULT NULL,
  `USER_ID_` varchar(255) CHARACTER SET utf8 COLLATE utf8_bin NULL DEFAULT NULL,
  `TASK_ID_` varchar(64) CHARACTER SET utf8 COLLATE utf8_bin NULL DEFAULT NULL,
  `PROC_INST_ID_` varchar(64) CHARACTER SET utf8 COLLATE utf8_bin NULL DEFAULT NULL,
  `PROC_DEF_ID_` varchar(64) CHARACTER SET utf8 COLLATE utf8_bin NULL DEFAULT NULL,
  `SCOPE_ID_` varchar(255) CHARACTER SET utf8 COLLATE utf8_bin NULL DEFAULT NULL,
  `SUB_SCOPE_ID_` varchar(255) CHARACTER SET utf8 COLLATE utf8_bin NULL DEFAULT NULL,
  `SCOPE_TYPE_` varchar(255) CHARACTER SET utf8 COLLATE utf8_bin NULL DEFAULT NULL,
  `SCOPE_DEFINITION_ID_` varchar(255) CHARACTER SET utf8 COLLATE utf8_bin NULL DEFAULT NULL,
  PRIMARY KEY (`ID_`) USING BTREE,
  INDEX `ACT_IDX_IDENT_LNK_USER`(`USER_ID_`) USING BTREE,
  INDEX `ACT_IDX_IDENT_LNK_GROUP`(`GROUP_ID_`) USING BTREE,
  INDEX `ACT_IDX_IDENT_LNK_SCOPE`(`SCOPE_ID_`, `SCOPE_TYPE_`) USING BTREE,
  INDEX `ACT_IDX_IDENT_LNK_SUB_SCOPE`(`SUB_SCOPE_ID_`, `SCOPE_TYPE_`) USING BTREE,
  INDEX `ACT_IDX_IDENT_LNK_SCOPE_DEF`(`SCOPE_DEFINITION_ID_`, `SCOPE_TYPE_`) USING BTREE,
  INDEX `ACT_IDX_ATHRZ_PROCEDEF`(`PROC_DEF_ID_`) USING BTREE,
  INDEX `ACT_FK_TSKASS_TASK`(`TASK_ID_`) USING BTREE,
  INDEX `ACT_FK_IDL_PROCINST`(`PROC_INST_ID_`) USING BTREE,
  CONSTRAINT `ACT_FK_ATHRZ_PROCEDEF` FOREIGN KEY (`PROC_DEF_ID_`) REFERENCES `act_re_procdef` (`ID_`) ON DELETE RESTRICT ON UPDATE RESTRICT,
  CONSTRAINT `ACT_FK_IDL_PROCINST` FOREIGN KEY (`PROC_INST_ID_`) REFERENCES `act_ru_execution` (`ID_`) ON DELETE RESTRICT ON UPDATE RESTRICT,
  CONSTRAINT `ACT_FK_TSKASS_TASK` FOREIGN KEY (`TASK_ID_`) REFERENCES `act_ru_task` (`ID_`) ON DELETE RESTRICT ON UPDATE RESTRICT
) ENGINE = InnoDB CHARACTER SET = utf8 COLLATE = utf8_bin ROW_FORMAT = Dynamic;

-- ----------------------------
-- Records of act_ru_identitylink
-- ----------------------------
INSERT INTO `act_ru_identitylink` VALUES ('243a2397-cc51-11ec-b4ba-005056c00001', 1, NULL, 'starter', '1', NULL, '2439fc86-cc51-11ec-b4ba-005056c00001', NULL, NULL, NULL, NULL, NULL);
INSERT INTO `act_ru_identitylink` VALUES ('244212e7-cc51-11ec-b4ba-005056c00001', 1, NULL, 'participant', '1', NULL, '2439fc86-cc51-11ec-b4ba-005056c00001', NULL, NULL, NULL, NULL, NULL);
INSERT INTO `act_ru_identitylink` VALUES ('2456d369-cc51-11ec-b4ba-005056c00001', 1, NULL, 'participant', '1', NULL, '2439fc86-cc51-11ec-b4ba-005056c00001', NULL, NULL, NULL, NULL, NULL);
INSERT INTO `act_ru_identitylink` VALUES ('2458f650-cc51-11ec-b4ba-005056c00001', 1, NULL, 'participant', '26', NULL, '2439fc86-cc51-11ec-b4ba-005056c00001', NULL, NULL, NULL, NULL, NULL);
INSERT INTO `act_ru_identitylink` VALUES ('9ec2d7f7-d2dc-11ec-bc0c-005056c00001', 1, NULL, 'participant', '29', NULL, '2439fc86-cc51-11ec-b4ba-005056c00001', NULL, NULL, NULL, NULL, NULL);

-- ----------------------------
-- Table structure for act_ru_job
-- ----------------------------
DROP TABLE IF EXISTS `act_ru_job`;
CREATE TABLE `act_ru_job`  (
  `ID_` varchar(64) CHARACTER SET utf8 COLLATE utf8_bin NOT NULL,
  `REV_` int(11) NULL DEFAULT NULL,
  `CATEGORY_` varchar(255) CHARACTER SET utf8 COLLATE utf8_bin NULL DEFAULT NULL,
  `TYPE_` varchar(255) CHARACTER SET utf8 COLLATE utf8_bin NOT NULL,
  `LOCK_EXP_TIME_` timestamp(3) NULL DEFAULT NULL,
  `LOCK_OWNER_` varchar(255) CHARACTER SET utf8 COLLATE utf8_bin NULL DEFAULT NULL,
  `EXCLUSIVE_` tinyint(1) NULL DEFAULT NULL,
  `EXECUTION_ID_` varchar(64) CHARACTER SET utf8 COLLATE utf8_bin NULL DEFAULT NULL,
  `PROCESS_INSTANCE_ID_` varchar(64) CHARACTER SET utf8 COLLATE utf8_bin NULL DEFAULT NULL,
  `PROC_DEF_ID_` varchar(64) CHARACTER SET utf8 COLLATE utf8_bin NULL DEFAULT NULL,
  `ELEMENT_ID_` varchar(255) CHARACTER SET utf8 COLLATE utf8_bin NULL DEFAULT NULL,
  `ELEMENT_NAME_` varchar(255) CHARACTER SET utf8 COLLATE utf8_bin NULL DEFAULT NULL,
  `SCOPE_ID_` varchar(255) CHARACTER SET utf8 COLLATE utf8_bin NULL DEFAULT NULL,
  `SUB_SCOPE_ID_` varchar(255) CHARACTER SET utf8 COLLATE utf8_bin NULL DEFAULT NULL,
  `SCOPE_TYPE_` varchar(255) CHARACTER SET utf8 COLLATE utf8_bin NULL DEFAULT NULL,
  `SCOPE_DEFINITION_ID_` varchar(255) CHARACTER SET utf8 COLLATE utf8_bin NULL DEFAULT NULL,
  `CORRELATION_ID_` varchar(255) CHARACTER SET utf8 COLLATE utf8_bin NULL DEFAULT NULL,
  `RETRIES_` int(11) NULL DEFAULT NULL,
  `EXCEPTION_STACK_ID_` varchar(64) CHARACTER SET utf8 COLLATE utf8_bin NULL DEFAULT NULL,
  `EXCEPTION_MSG_` varchar(4000) CHARACTER SET utf8 COLLATE utf8_bin NULL DEFAULT NULL,
  `DUEDATE_` timestamp(3) NULL DEFAULT NULL,
  `REPEAT_` varchar(255) CHARACTER SET utf8 COLLATE utf8_bin NULL DEFAULT NULL,
  `HANDLER_TYPE_` varchar(255) CHARACTER SET utf8 COLLATE utf8_bin NULL DEFAULT NULL,
  `HANDLER_CFG_` varchar(4000) CHARACTER SET utf8 COLLATE utf8_bin NULL DEFAULT NULL,
  `CUSTOM_VALUES_ID_` varchar(64) CHARACTER SET utf8 COLLATE utf8_bin NULL DEFAULT NULL,
  `CREATE_TIME_` timestamp(3) NULL DEFAULT NULL,
  `TENANT_ID_` varchar(255) CHARACTER SET utf8 COLLATE utf8_bin NULL DEFAULT '',
  PRIMARY KEY (`ID_`) USING BTREE,
  INDEX `ACT_IDX_JOB_EXCEPTION_STACK_ID`(`EXCEPTION_STACK_ID_`) USING BTREE,
  INDEX `ACT_IDX_JOB_CUSTOM_VALUES_ID`(`CUSTOM_VALUES_ID_`) USING BTREE,
  INDEX `ACT_IDX_JOB_CORRELATION_ID`(`CORRELATION_ID_`) USING BTREE,
  INDEX `ACT_IDX_JOB_SCOPE`(`SCOPE_ID_`, `SCOPE_TYPE_`) USING BTREE,
  INDEX `ACT_IDX_JOB_SUB_SCOPE`(`SUB_SCOPE_ID_`, `SCOPE_TYPE_`) USING BTREE,
  INDEX `ACT_IDX_JOB_SCOPE_DEF`(`SCOPE_DEFINITION_ID_`, `SCOPE_TYPE_`) USING BTREE,
  INDEX `ACT_FK_JOB_EXECUTION`(`EXECUTION_ID_`) USING BTREE,
  INDEX `ACT_FK_JOB_PROCESS_INSTANCE`(`PROCESS_INSTANCE_ID_`) USING BTREE,
  INDEX `ACT_FK_JOB_PROC_DEF`(`PROC_DEF_ID_`) USING BTREE,
  CONSTRAINT `ACT_FK_JOB_CUSTOM_VALUES` FOREIGN KEY (`CUSTOM_VALUES_ID_`) REFERENCES `act_ge_bytearray` (`ID_`) ON DELETE RESTRICT ON UPDATE RESTRICT,
  CONSTRAINT `ACT_FK_JOB_EXCEPTION` FOREIGN KEY (`EXCEPTION_STACK_ID_`) REFERENCES `act_ge_bytearray` (`ID_`) ON DELETE RESTRICT ON UPDATE RESTRICT,
  CONSTRAINT `ACT_FK_JOB_EXECUTION` FOREIGN KEY (`EXECUTION_ID_`) REFERENCES `act_ru_execution` (`ID_`) ON DELETE RESTRICT ON UPDATE RESTRICT,
  CONSTRAINT `ACT_FK_JOB_PROCESS_INSTANCE` FOREIGN KEY (`PROCESS_INSTANCE_ID_`) REFERENCES `act_ru_execution` (`ID_`) ON DELETE RESTRICT ON UPDATE RESTRICT,
  CONSTRAINT `ACT_FK_JOB_PROC_DEF` FOREIGN KEY (`PROC_DEF_ID_`) REFERENCES `act_re_procdef` (`ID_`) ON DELETE RESTRICT ON UPDATE RESTRICT
) ENGINE = InnoDB CHARACTER SET = utf8 COLLATE = utf8_bin ROW_FORMAT = Dynamic;

-- ----------------------------
-- Records of act_ru_job
-- ----------------------------

-- ----------------------------
-- Table structure for act_ru_suspended_job
-- ----------------------------
DROP TABLE IF EXISTS `act_ru_suspended_job`;
CREATE TABLE `act_ru_suspended_job`  (
  `ID_` varchar(64) CHARACTER SET utf8 COLLATE utf8_bin NOT NULL,
  `REV_` int(11) NULL DEFAULT NULL,
  `CATEGORY_` varchar(255) CHARACTER SET utf8 COLLATE utf8_bin NULL DEFAULT NULL,
  `TYPE_` varchar(255) CHARACTER SET utf8 COLLATE utf8_bin NOT NULL,
  `EXCLUSIVE_` tinyint(1) NULL DEFAULT NULL,
  `EXECUTION_ID_` varchar(64) CHARACTER SET utf8 COLLATE utf8_bin NULL DEFAULT NULL,
  `PROCESS_INSTANCE_ID_` varchar(64) CHARACTER SET utf8 COLLATE utf8_bin NULL DEFAULT NULL,
  `PROC_DEF_ID_` varchar(64) CHARACTER SET utf8 COLLATE utf8_bin NULL DEFAULT NULL,
  `ELEMENT_ID_` varchar(255) CHARACTER SET utf8 COLLATE utf8_bin NULL DEFAULT NULL,
  `ELEMENT_NAME_` varchar(255) CHARACTER SET utf8 COLLATE utf8_bin NULL DEFAULT NULL,
  `SCOPE_ID_` varchar(255) CHARACTER SET utf8 COLLATE utf8_bin NULL DEFAULT NULL,
  `SUB_SCOPE_ID_` varchar(255) CHARACTER SET utf8 COLLATE utf8_bin NULL DEFAULT NULL,
  `SCOPE_TYPE_` varchar(255) CHARACTER SET utf8 COLLATE utf8_bin NULL DEFAULT NULL,
  `SCOPE_DEFINITION_ID_` varchar(255) CHARACTER SET utf8 COLLATE utf8_bin NULL DEFAULT NULL,
  `CORRELATION_ID_` varchar(255) CHARACTER SET utf8 COLLATE utf8_bin NULL DEFAULT NULL,
  `RETRIES_` int(11) NULL DEFAULT NULL,
  `EXCEPTION_STACK_ID_` varchar(64) CHARACTER SET utf8 COLLATE utf8_bin NULL DEFAULT NULL,
  `EXCEPTION_MSG_` varchar(4000) CHARACTER SET utf8 COLLATE utf8_bin NULL DEFAULT NULL,
  `DUEDATE_` timestamp(3) NULL DEFAULT NULL,
  `REPEAT_` varchar(255) CHARACTER SET utf8 COLLATE utf8_bin NULL DEFAULT NULL,
  `HANDLER_TYPE_` varchar(255) CHARACTER SET utf8 COLLATE utf8_bin NULL DEFAULT NULL,
  `HANDLER_CFG_` varchar(4000) CHARACTER SET utf8 COLLATE utf8_bin NULL DEFAULT NULL,
  `CUSTOM_VALUES_ID_` varchar(64) CHARACTER SET utf8 COLLATE utf8_bin NULL DEFAULT NULL,
  `CREATE_TIME_` timestamp(3) NULL DEFAULT NULL,
  `TENANT_ID_` varchar(255) CHARACTER SET utf8 COLLATE utf8_bin NULL DEFAULT '',
  PRIMARY KEY (`ID_`) USING BTREE,
  INDEX `ACT_IDX_SUSPENDED_JOB_EXCEPTION_STACK_ID`(`EXCEPTION_STACK_ID_`) USING BTREE,
  INDEX `ACT_IDX_SUSPENDED_JOB_CUSTOM_VALUES_ID`(`CUSTOM_VALUES_ID_`) USING BTREE,
  INDEX `ACT_IDX_SUSPENDED_JOB_CORRELATION_ID`(`CORRELATION_ID_`) USING BTREE,
  INDEX `ACT_IDX_SJOB_SCOPE`(`SCOPE_ID_`, `SCOPE_TYPE_`) USING BTREE,
  INDEX `ACT_IDX_SJOB_SUB_SCOPE`(`SUB_SCOPE_ID_`, `SCOPE_TYPE_`) USING BTREE,
  INDEX `ACT_IDX_SJOB_SCOPE_DEF`(`SCOPE_DEFINITION_ID_`, `SCOPE_TYPE_`) USING BTREE,
  INDEX `ACT_FK_SUSPENDED_JOB_EXECUTION`(`EXECUTION_ID_`) USING BTREE,
  INDEX `ACT_FK_SUSPENDED_JOB_PROCESS_INSTANCE`(`PROCESS_INSTANCE_ID_`) USING BTREE,
  INDEX `ACT_FK_SUSPENDED_JOB_PROC_DEF`(`PROC_DEF_ID_`) USING BTREE,
  CONSTRAINT `ACT_FK_SUSPENDED_JOB_CUSTOM_VALUES` FOREIGN KEY (`CUSTOM_VALUES_ID_`) REFERENCES `act_ge_bytearray` (`ID_`) ON DELETE RESTRICT ON UPDATE RESTRICT,
  CONSTRAINT `ACT_FK_SUSPENDED_JOB_EXCEPTION` FOREIGN KEY (`EXCEPTION_STACK_ID_`) REFERENCES `act_ge_bytearray` (`ID_`) ON DELETE RESTRICT ON UPDATE RESTRICT,
  CONSTRAINT `ACT_FK_SUSPENDED_JOB_EXECUTION` FOREIGN KEY (`EXECUTION_ID_`) REFERENCES `act_ru_execution` (`ID_`) ON DELETE RESTRICT ON UPDATE RESTRICT,
  CONSTRAINT `ACT_FK_SUSPENDED_JOB_PROCESS_INSTANCE` FOREIGN KEY (`PROCESS_INSTANCE_ID_`) REFERENCES `act_ru_execution` (`ID_`) ON DELETE RESTRICT ON UPDATE RESTRICT,
  CONSTRAINT `ACT_FK_SUSPENDED_JOB_PROC_DEF` FOREIGN KEY (`PROC_DEF_ID_`) REFERENCES `act_re_procdef` (`ID_`) ON DELETE RESTRICT ON UPDATE RESTRICT
) ENGINE = InnoDB CHARACTER SET = utf8 COLLATE = utf8_bin ROW_FORMAT = Dynamic;

-- ----------------------------
-- Records of act_ru_suspended_job
-- ----------------------------

-- ----------------------------
-- Table structure for act_ru_task
-- ----------------------------
DROP TABLE IF EXISTS `act_ru_task`;
CREATE TABLE `act_ru_task`  (
  `ID_` varchar(64) CHARACTER SET utf8 COLLATE utf8_bin NOT NULL,
  `REV_` int(11) NULL DEFAULT NULL,
  `EXECUTION_ID_` varchar(64) CHARACTER SET utf8 COLLATE utf8_bin NULL DEFAULT NULL,
  `PROC_INST_ID_` varchar(64) CHARACTER SET utf8 COLLATE utf8_bin NULL DEFAULT NULL,
  `PROC_DEF_ID_` varchar(64) CHARACTER SET utf8 COLLATE utf8_bin NULL DEFAULT NULL,
  `TASK_DEF_ID_` varchar(64) CHARACTER SET utf8 COLLATE utf8_bin NULL DEFAULT NULL,
  `SCOPE_ID_` varchar(255) CHARACTER SET utf8 COLLATE utf8_bin NULL DEFAULT NULL,
  `SUB_SCOPE_ID_` varchar(255) CHARACTER SET utf8 COLLATE utf8_bin NULL DEFAULT NULL,
  `SCOPE_TYPE_` varchar(255) CHARACTER SET utf8 COLLATE utf8_bin NULL DEFAULT NULL,
  `SCOPE_DEFINITION_ID_` varchar(255) CHARACTER SET utf8 COLLATE utf8_bin NULL DEFAULT NULL,
  `PROPAGATED_STAGE_INST_ID_` varchar(255) CHARACTER SET utf8 COLLATE utf8_bin NULL DEFAULT NULL,
  `NAME_` varchar(255) CHARACTER SET utf8 COLLATE utf8_bin NULL DEFAULT NULL,
  `PARENT_TASK_ID_` varchar(64) CHARACTER SET utf8 COLLATE utf8_bin NULL DEFAULT NULL,
  `DESCRIPTION_` varchar(4000) CHARACTER SET utf8 COLLATE utf8_bin NULL DEFAULT NULL,
  `TASK_DEF_KEY_` varchar(255) CHARACTER SET utf8 COLLATE utf8_bin NULL DEFAULT NULL,
  `OWNER_` varchar(255) CHARACTER SET utf8 COLLATE utf8_bin NULL DEFAULT NULL,
  `ASSIGNEE_` varchar(255) CHARACTER SET utf8 COLLATE utf8_bin NULL DEFAULT NULL,
  `DELEGATION_` varchar(64) CHARACTER SET utf8 COLLATE utf8_bin NULL DEFAULT NULL,
  `PRIORITY_` int(11) NULL DEFAULT NULL,
  `CREATE_TIME_` timestamp(3) NULL DEFAULT NULL,
  `DUE_DATE_` datetime(3) NULL DEFAULT NULL,
  `CATEGORY_` varchar(255) CHARACTER SET utf8 COLLATE utf8_bin NULL DEFAULT NULL,
  `SUSPENSION_STATE_` int(11) NULL DEFAULT NULL,
  `TENANT_ID_` varchar(255) CHARACTER SET utf8 COLLATE utf8_bin NULL DEFAULT '',
  `FORM_KEY_` varchar(255) CHARACTER SET utf8 COLLATE utf8_bin NULL DEFAULT NULL,
  `CLAIM_TIME_` datetime(3) NULL DEFAULT NULL,
  `IS_COUNT_ENABLED_` tinyint(4) NULL DEFAULT NULL,
  `VAR_COUNT_` int(11) NULL DEFAULT NULL,
  `ID_LINK_COUNT_` int(11) NULL DEFAULT NULL,
  `SUB_TASK_COUNT_` int(11) NULL DEFAULT NULL,
  PRIMARY KEY (`ID_`) USING BTREE,
  INDEX `ACT_IDX_TASK_CREATE`(`CREATE_TIME_`) USING BTREE,
  INDEX `ACT_IDX_TASK_SCOPE`(`SCOPE_ID_`, `SCOPE_TYPE_`) USING BTREE,
  INDEX `ACT_IDX_TASK_SUB_SCOPE`(`SUB_SCOPE_ID_`, `SCOPE_TYPE_`) USING BTREE,
  INDEX `ACT_IDX_TASK_SCOPE_DEF`(`SCOPE_DEFINITION_ID_`, `SCOPE_TYPE_`) USING BTREE,
  INDEX `ACT_FK_TASK_EXE`(`EXECUTION_ID_`) USING BTREE,
  INDEX `ACT_FK_TASK_PROCINST`(`PROC_INST_ID_`) USING BTREE,
  INDEX `ACT_FK_TASK_PROCDEF`(`PROC_DEF_ID_`) USING BTREE,
  CONSTRAINT `ACT_FK_TASK_EXE` FOREIGN KEY (`EXECUTION_ID_`) REFERENCES `act_ru_execution` (`ID_`) ON DELETE RESTRICT ON UPDATE RESTRICT,
  CONSTRAINT `ACT_FK_TASK_PROCDEF` FOREIGN KEY (`PROC_DEF_ID_`) REFERENCES `act_re_procdef` (`ID_`) ON DELETE RESTRICT ON UPDATE RESTRICT,
  CONSTRAINT `ACT_FK_TASK_PROCINST` FOREIGN KEY (`PROC_INST_ID_`) REFERENCES `act_ru_execution` (`ID_`) ON DELETE RESTRICT ON UPDATE RESTRICT
) ENGINE = InnoDB CHARACTER SET = utf8 COLLATE = utf8_bin ROW_FORMAT = Dynamic;

-- ----------------------------
-- Records of act_ru_task
-- ----------------------------
INSERT INTO `act_ru_task` VALUES ('dd3782c0-d2ec-11ec-bc0c-005056c00001', 1, 'dd3782be-d2ec-11ec-bc0c-005056c00001', '2439fc86-cc51-11ec-b4ba-005056c00001', 'Process_1651740389270:1:f75f9855-cc50-11ec-b4ba-005056c00001', NULL, NULL, NULL, NULL, NULL, NULL, '请假申请', NULL, NULL, 'Activity_0s49ztg', NULL, '1', NULL, 50, '2022-05-14 02:45:30.716', NULL, NULL, 1, '', NULL, NULL, 1, 0, 0, 0);

-- ----------------------------
-- Table structure for act_ru_timer_job
-- ----------------------------
DROP TABLE IF EXISTS `act_ru_timer_job`;
CREATE TABLE `act_ru_timer_job`  (
  `ID_` varchar(64) CHARACTER SET utf8 COLLATE utf8_bin NOT NULL,
  `REV_` int(11) NULL DEFAULT NULL,
  `CATEGORY_` varchar(255) CHARACTER SET utf8 COLLATE utf8_bin NULL DEFAULT NULL,
  `TYPE_` varchar(255) CHARACTER SET utf8 COLLATE utf8_bin NOT NULL,
  `LOCK_EXP_TIME_` timestamp(3) NULL DEFAULT NULL,
  `LOCK_OWNER_` varchar(255) CHARACTER SET utf8 COLLATE utf8_bin NULL DEFAULT NULL,
  `EXCLUSIVE_` tinyint(1) NULL DEFAULT NULL,
  `EXECUTION_ID_` varchar(64) CHARACTER SET utf8 COLLATE utf8_bin NULL DEFAULT NULL,
  `PROCESS_INSTANCE_ID_` varchar(64) CHARACTER SET utf8 COLLATE utf8_bin NULL DEFAULT NULL,
  `PROC_DEF_ID_` varchar(64) CHARACTER SET utf8 COLLATE utf8_bin NULL DEFAULT NULL,
  `ELEMENT_ID_` varchar(255) CHARACTER SET utf8 COLLATE utf8_bin NULL DEFAULT NULL,
  `ELEMENT_NAME_` varchar(255) CHARACTER SET utf8 COLLATE utf8_bin NULL DEFAULT NULL,
  `SCOPE_ID_` varchar(255) CHARACTER SET utf8 COLLATE utf8_bin NULL DEFAULT NULL,
  `SUB_SCOPE_ID_` varchar(255) CHARACTER SET utf8 COLLATE utf8_bin NULL DEFAULT NULL,
  `SCOPE_TYPE_` varchar(255) CHARACTER SET utf8 COLLATE utf8_bin NULL DEFAULT NULL,
  `SCOPE_DEFINITION_ID_` varchar(255) CHARACTER SET utf8 COLLATE utf8_bin NULL DEFAULT NULL,
  `CORRELATION_ID_` varchar(255) CHARACTER SET utf8 COLLATE utf8_bin NULL DEFAULT NULL,
  `RETRIES_` int(11) NULL DEFAULT NULL,
  `EXCEPTION_STACK_ID_` varchar(64) CHARACTER SET utf8 COLLATE utf8_bin NULL DEFAULT NULL,
  `EXCEPTION_MSG_` varchar(4000) CHARACTER SET utf8 COLLATE utf8_bin NULL DEFAULT NULL,
  `DUEDATE_` timestamp(3) NULL DEFAULT NULL,
  `REPEAT_` varchar(255) CHARACTER SET utf8 COLLATE utf8_bin NULL DEFAULT NULL,
  `HANDLER_TYPE_` varchar(255) CHARACTER SET utf8 COLLATE utf8_bin NULL DEFAULT NULL,
  `HANDLER_CFG_` varchar(4000) CHARACTER SET utf8 COLLATE utf8_bin NULL DEFAULT NULL,
  `CUSTOM_VALUES_ID_` varchar(64) CHARACTER SET utf8 COLLATE utf8_bin NULL DEFAULT NULL,
  `CREATE_TIME_` timestamp(3) NULL DEFAULT NULL,
  `TENANT_ID_` varchar(255) CHARACTER SET utf8 COLLATE utf8_bin NULL DEFAULT '',
  PRIMARY KEY (`ID_`) USING BTREE,
  INDEX `ACT_IDX_TIMER_JOB_EXCEPTION_STACK_ID`(`EXCEPTION_STACK_ID_`) USING BTREE,
  INDEX `ACT_IDX_TIMER_JOB_CUSTOM_VALUES_ID`(`CUSTOM_VALUES_ID_`) USING BTREE,
  INDEX `ACT_IDX_TIMER_JOB_CORRELATION_ID`(`CORRELATION_ID_`) USING BTREE,
  INDEX `ACT_IDX_TIMER_JOB_DUEDATE`(`DUEDATE_`) USING BTREE,
  INDEX `ACT_IDX_TJOB_SCOPE`(`SCOPE_ID_`, `SCOPE_TYPE_`) USING BTREE,
  INDEX `ACT_IDX_TJOB_SUB_SCOPE`(`SUB_SCOPE_ID_`, `SCOPE_TYPE_`) USING BTREE,
  INDEX `ACT_IDX_TJOB_SCOPE_DEF`(`SCOPE_DEFINITION_ID_`, `SCOPE_TYPE_`) USING BTREE,
  INDEX `ACT_FK_TIMER_JOB_EXECUTION`(`EXECUTION_ID_`) USING BTREE,
  INDEX `ACT_FK_TIMER_JOB_PROCESS_INSTANCE`(`PROCESS_INSTANCE_ID_`) USING BTREE,
  INDEX `ACT_FK_TIMER_JOB_PROC_DEF`(`PROC_DEF_ID_`) USING BTREE,
  CONSTRAINT `ACT_FK_TIMER_JOB_CUSTOM_VALUES` FOREIGN KEY (`CUSTOM_VALUES_ID_`) REFERENCES `act_ge_bytearray` (`ID_`) ON DELETE RESTRICT ON UPDATE RESTRICT,
  CONSTRAINT `ACT_FK_TIMER_JOB_EXCEPTION` FOREIGN KEY (`EXCEPTION_STACK_ID_`) REFERENCES `act_ge_bytearray` (`ID_`) ON DELETE RESTRICT ON UPDATE RESTRICT,
  CONSTRAINT `ACT_FK_TIMER_JOB_EXECUTION` FOREIGN KEY (`EXECUTION_ID_`) REFERENCES `act_ru_execution` (`ID_`) ON DELETE RESTRICT ON UPDATE RESTRICT,
  CONSTRAINT `ACT_FK_TIMER_JOB_PROCESS_INSTANCE` FOREIGN KEY (`PROCESS_INSTANCE_ID_`) REFERENCES `act_ru_execution` (`ID_`) ON DELETE RESTRICT ON UPDATE RESTRICT,
  CONSTRAINT `ACT_FK_TIMER_JOB_PROC_DEF` FOREIGN KEY (`PROC_DEF_ID_`) REFERENCES `act_re_procdef` (`ID_`) ON DELETE RESTRICT ON UPDATE RESTRICT
) ENGINE = InnoDB CHARACTER SET = utf8 COLLATE = utf8_bin ROW_FORMAT = Dynamic;

-- ----------------------------
-- Records of act_ru_timer_job
-- ----------------------------

-- ----------------------------
-- Table structure for act_ru_variable
-- ----------------------------
DROP TABLE IF EXISTS `act_ru_variable`;
CREATE TABLE `act_ru_variable`  (
  `ID_` varchar(64) CHARACTER SET utf8 COLLATE utf8_bin NOT NULL,
  `REV_` int(11) NULL DEFAULT NULL,
  `TYPE_` varchar(255) CHARACTER SET utf8 COLLATE utf8_bin NOT NULL,
  `NAME_` varchar(255) CHARACTER SET utf8 COLLATE utf8_bin NOT NULL,
  `EXECUTION_ID_` varchar(64) CHARACTER SET utf8 COLLATE utf8_bin NULL DEFAULT NULL,
  `PROC_INST_ID_` varchar(64) CHARACTER SET utf8 COLLATE utf8_bin NULL DEFAULT NULL,
  `TASK_ID_` varchar(64) CHARACTER SET utf8 COLLATE utf8_bin NULL DEFAULT NULL,
  `SCOPE_ID_` varchar(255) CHARACTER SET utf8 COLLATE utf8_bin NULL DEFAULT NULL,
  `SUB_SCOPE_ID_` varchar(255) CHARACTER SET utf8 COLLATE utf8_bin NULL DEFAULT NULL,
  `SCOPE_TYPE_` varchar(255) CHARACTER SET utf8 COLLATE utf8_bin NULL DEFAULT NULL,
  `BYTEARRAY_ID_` varchar(64) CHARACTER SET utf8 COLLATE utf8_bin NULL DEFAULT NULL,
  `DOUBLE_` double NULL DEFAULT NULL,
  `LONG_` bigint(20) NULL DEFAULT NULL,
  `TEXT_` varchar(4000) CHARACTER SET utf8 COLLATE utf8_bin NULL DEFAULT NULL,
  `TEXT2_` varchar(4000) CHARACTER SET utf8 COLLATE utf8_bin NULL DEFAULT NULL,
  PRIMARY KEY (`ID_`) USING BTREE,
  INDEX `ACT_IDX_RU_VAR_SCOPE_ID_TYPE`(`SCOPE_ID_`, `SCOPE_TYPE_`) USING BTREE,
  INDEX `ACT_IDX_RU_VAR_SUB_ID_TYPE`(`SUB_SCOPE_ID_`, `SCOPE_TYPE_`) USING BTREE,
  INDEX `ACT_FK_VAR_BYTEARRAY`(`BYTEARRAY_ID_`) USING BTREE,
  INDEX `ACT_IDX_VARIABLE_TASK_ID`(`TASK_ID_`) USING BTREE,
  INDEX `ACT_FK_VAR_EXE`(`EXECUTION_ID_`) USING BTREE,
  INDEX `ACT_FK_VAR_PROCINST`(`PROC_INST_ID_`) USING BTREE,
  CONSTRAINT `ACT_FK_VAR_BYTEARRAY` FOREIGN KEY (`BYTEARRAY_ID_`) REFERENCES `act_ge_bytearray` (`ID_`) ON DELETE RESTRICT ON UPDATE RESTRICT,
  CONSTRAINT `ACT_FK_VAR_EXE` FOREIGN KEY (`EXECUTION_ID_`) REFERENCES `act_ru_execution` (`ID_`) ON DELETE RESTRICT ON UPDATE RESTRICT,
  CONSTRAINT `ACT_FK_VAR_PROCINST` FOREIGN KEY (`PROC_INST_ID_`) REFERENCES `act_ru_execution` (`ID_`) ON DELETE RESTRICT ON UPDATE RESTRICT
) ENGINE = InnoDB CHARACTER SET = utf8 COLLATE = utf8_bin ROW_FORMAT = Dynamic;

-- ----------------------------
-- Records of act_ru_variable
-- ----------------------------
INSERT INTO `act_ru_variable` VALUES ('243a4aa8-cc51-11ec-b4ba-005056c00001', 1, 'string', 'reason', '2439fc86-cc51-11ec-b4ba-005056c00001', '2439fc86-cc51-11ec-b4ba-005056c00001', NULL, NULL, NULL, NULL, NULL, NULL, NULL, '123', NULL);
INSERT INTO `act_ru_variable` VALUES ('243c1f6a-cc51-11ec-b4ba-005056c00001', 1, 'serializable', 'variables', '2439fc86-cc51-11ec-b4ba-005056c00001', '2439fc86-cc51-11ec-b4ba-005056c00001', NULL, NULL, NULL, NULL, '243bf859-cc51-11ec-b4ba-005056c00001', NULL, NULL, NULL, NULL);
INSERT INTO `act_ru_variable` VALUES ('243c1f6c-cc51-11ec-b4ba-005056c00001', 1, 'integer', 'leaveDays', '2439fc86-cc51-11ec-b4ba-005056c00001', '2439fc86-cc51-11ec-b4ba-005056c00001', NULL, NULL, NULL, NULL, NULL, NULL, 2, '2', NULL);
INSERT INTO `act_ru_variable` VALUES ('243c1f6d-cc51-11ec-b4ba-005056c00001', 1, 'string', 'initiator', '2439fc86-cc51-11ec-b4ba-005056c00001', '2439fc86-cc51-11ec-b4ba-005056c00001', NULL, NULL, NULL, NULL, NULL, NULL, NULL, '1', NULL);
INSERT INTO `act_ru_variable` VALUES ('243c467f-cc51-11ec-b4ba-005056c00001', 1, 'serializable', 'leaveDateRange', '2439fc86-cc51-11ec-b4ba-005056c00001', '2439fc86-cc51-11ec-b4ba-005056c00001', NULL, NULL, NULL, NULL, '243c467e-cc51-11ec-b4ba-005056c00001', NULL, NULL, NULL, NULL);

-- ----------------------------
-- Table structure for attendance
-- ----------------------------
DROP TABLE IF EXISTS `attendance`;
CREATE TABLE `attendance`  (
  `id` bigint(20) UNSIGNED NOT NULL AUTO_INCREMENT COMMENT '自增id',
  `emp_id` bigint(20) NOT NULL COMMENT '员工id',
  `clock_date` date NOT NULL COMMENT '打卡日期',
  `clock_in_time` time NULL DEFAULT NULL COMMENT '签到时间',
  `clock_out_time` time NULL DEFAULT NULL COMMENT '签退时间',
  `come_late_minutes` smallint(6) NULL DEFAULT NULL COMMENT '迟到分钟数',
  `leave_early_minutes` smallint(6) NULL DEFAULT NULL COMMENT '早退分钟数',
  `updater` varchar(64) CHARACTER SET utf8mb4 COLLATE utf8mb4_general_ci NULL DEFAULT NULL COMMENT '更新者',
  `update_time` datetime NULL DEFAULT NULL COMMENT '更新时间',
  PRIMARY KEY (`id`) USING BTREE
) ENGINE = InnoDB AUTO_INCREMENT = 52 CHARACTER SET = utf8mb4 COLLATE = utf8mb4_general_ci COMMENT = '考勤' ROW_FORMAT = Dynamic;

-- ----------------------------
-- Records of attendance
-- ----------------------------
INSERT INTO `attendance` VALUES (3, 1, '2022-04-01', '08:54:10', '17:36:36', NULL, NULL, NULL, NULL);
INSERT INTO `attendance` VALUES (4, 1, '2022-04-02', '11:14:10', '11:36:36', 134, 323, NULL, NULL);
INSERT INTO `attendance` VALUES (9, 1, '2022-04-03', '14:35:28', '17:00:30', 335, NULL, NULL, NULL);
INSERT INTO `attendance` VALUES (10, 1, '2022-04-04', '11:57:56', '17:09:09', 177, NULL, NULL, NULL);
INSERT INTO `attendance` VALUES (11, 1, '2022-04-05', '14:16:23', '19:35:36', 316, NULL, NULL, NULL);
INSERT INTO `attendance` VALUES (12, 1, '2022-04-06', '13:24:45', '20:11:17', 264, NULL, NULL, NULL);
INSERT INTO `attendance` VALUES (13, 26, '2022-04-06', '16:52:18', NULL, 472, NULL, NULL, NULL);
INSERT INTO `attendance` VALUES (14, 1, '2022-04-07', '17:29:01', '22:41:32', 509, NULL, NULL, NULL);
INSERT INTO `attendance` VALUES (15, 1, '2022-04-08', '16:28:56', '22:04:05', 448, NULL, NULL, NULL);
INSERT INTO `attendance` VALUES (16, 1, '2022-04-09', '09:43:25', '19:34:05', 43, NULL, NULL, NULL);
INSERT INTO `attendance` VALUES (17, 1, '2022-04-10', '14:55:45', '19:24:45', 355, NULL, NULL, NULL);
INSERT INTO `attendance` VALUES (18, 1, '2022-04-11', '11:45:51', '23:16:23', 165, NULL, NULL, NULL);
INSERT INTO `attendance` VALUES (19, 29, '2022-04-11', '21:03:08', '21:03:10', 723, NULL, NULL, NULL);
INSERT INTO `attendance` VALUES (20, 29, '2022-04-12', '14:06:39', NULL, 306, NULL, NULL, NULL);
INSERT INTO `attendance` VALUES (21, 1, '2022-04-12', '08:58:36', '21:23:45', NULL, NULL, NULL, NULL);
INSERT INTO `attendance` VALUES (22, 1, '2022-04-13', '08:54:42', '22:15:33', NULL, NULL, NULL, NULL);
INSERT INTO `attendance` VALUES (23, 1, '2022-04-14', '08:49:13', '18:00:08', NULL, NULL, NULL, NULL);
INSERT INTO `attendance` VALUES (24, 1, '2022-04-16', '00:45:55', '19:16:26', NULL, NULL, NULL, NULL);
INSERT INTO `attendance` VALUES (25, 1, '2022-04-17', '13:19:18', NULL, 259, NULL, NULL, NULL);
INSERT INTO `attendance` VALUES (26, 1, '2022-04-18', '16:56:20', NULL, 476, NULL, NULL, NULL);
INSERT INTO `attendance` VALUES (27, 29, '2022-04-18', '20:32:05', NULL, 692, NULL, NULL, NULL);
INSERT INTO `attendance` VALUES (28, 1, '2022-04-19', '08:12:41', '16:57:37', NULL, 2, NULL, NULL);
INSERT INTO `attendance` VALUES (29, 1, '2022-04-21', '15:48:53', '22:01:24', 408, NULL, NULL, NULL);
INSERT INTO `attendance` VALUES (30, 1, '2022-04-23', '13:39:57', '22:45:27', 279, NULL, NULL, NULL);
INSERT INTO `attendance` VALUES (31, 1, '2022-04-24', '08:16:14', NULL, NULL, NULL, NULL, NULL);
INSERT INTO `attendance` VALUES (32, 1, '2022-04-26', '11:49:49', NULL, 169, NULL, NULL, NULL);
INSERT INTO `attendance` VALUES (33, 1, '2022-04-27', '19:45:40', NULL, 645, NULL, NULL, NULL);
INSERT INTO `attendance` VALUES (34, 29, '2022-04-27', '20:35:28', '20:35:34', 695, NULL, NULL, NULL);
INSERT INTO `attendance` VALUES (35, 27, '2022-04-27', '21:35:36', NULL, 755, NULL, NULL, NULL);
INSERT INTO `attendance` VALUES (36, 1, '2022-04-28', '08:02:31', '20:46:25', NULL, NULL, NULL, NULL);
INSERT INTO `attendance` VALUES (37, 1, '2022-04-29', '11:11:14', '20:34:45', 131, NULL, NULL, NULL);
INSERT INTO `attendance` VALUES (38, 1, '2022-04-30', '17:54:57', '17:55:02', 534, NULL, NULL, NULL);
INSERT INTO `attendance` VALUES (39, 1, '2022-05-01', '15:11:49', NULL, 371, NULL, NULL, NULL);
INSERT INTO `attendance` VALUES (40, 1, '2022-05-02', '12:22:14', '22:30:21', 202, NULL, NULL, NULL);
INSERT INTO `attendance` VALUES (41, 1, '2022-05-04', '14:43:00', '17:20:16', 342, NULL, NULL, NULL);
INSERT INTO `attendance` VALUES (42, 29, '2022-05-04', '19:27:15', '20:02:32', 627, NULL, NULL, NULL);
INSERT INTO `attendance` VALUES (43, 28, '2022-05-04', '20:03:01', NULL, 663, NULL, NULL, NULL);
INSERT INTO `attendance` VALUES (44, 27, '2022-05-04', '20:13:05', '20:13:06', 673, NULL, NULL, NULL);
INSERT INTO `attendance` VALUES (45, 1, '2022-05-05', '16:23:11', '16:23:21', 443, 36, NULL, NULL);
INSERT INTO `attendance` VALUES (46, 1, '2022-05-08', '14:26:59', '20:14:02', 326, NULL, NULL, NULL);
INSERT INTO `attendance` VALUES (47, 1, '2022-05-11', '16:11:32', NULL, 431, NULL, NULL, NULL);
INSERT INTO `attendance` VALUES (48, 1, '2022-05-13', '14:25:37', NULL, 325, NULL, NULL, NULL);
INSERT INTO `attendance` VALUES (49, 1, '2022-05-16', '11:01:01', NULL, 121, NULL, NULL, NULL);
INSERT INTO `attendance` VALUES (50, 1, '2022-05-23', '11:18:39', '15:54:07', 138, 65, NULL, NULL);
INSERT INTO `attendance` VALUES (51, 29, '2022-05-23', '15:57:37', '15:57:48', 417, 62, NULL, NULL);

-- ----------------------------
-- Table structure for conference_equipment
-- ----------------------------
DROP TABLE IF EXISTS `conference_equipment`;
CREATE TABLE `conference_equipment`  (
  `id` bigint(20) NOT NULL AUTO_INCREMENT COMMENT '自增id',
  `code` varchar(50) CHARACTER SET utf8mb4 COLLATE utf8mb4_general_ci NOT NULL COMMENT '会议室设备编号',
  `type` varchar(50) CHARACTER SET utf8mb4 COLLATE utf8mb4_general_ci NOT NULL COMMENT '会议室设备类型',
  `status` tinyint(1) NOT NULL DEFAULT 0 COMMENT '会议室设备使用状态（0空闲，1使用中，2损坏）',
  `creator` varchar(64) CHARACTER SET utf8mb4 COLLATE utf8mb4_general_ci NOT NULL COMMENT '创建者',
  `create_time` datetime NOT NULL COMMENT '创建时间',
  `updater` varchar(64) CHARACTER SET utf8mb4 COLLATE utf8mb4_general_ci NULL DEFAULT NULL COMMENT '更新者',
  `update_time` datetime NULL DEFAULT NULL COMMENT '更新时间',
  `is_deleted` bit(1) NOT NULL DEFAULT b'0' COMMENT '逻辑删除',
  PRIMARY KEY (`id`) USING BTREE
) ENGINE = InnoDB AUTO_INCREMENT = 10 CHARACTER SET = utf8mb4 COLLATE = utf8mb4_general_ci COMMENT = '会议室设备表' ROW_FORMAT = Dynamic;

-- ----------------------------
-- Records of conference_equipment
-- ----------------------------
INSERT INTO `conference_equipment` VALUES (1, 'KT0001', '空调', 1, 'admin', '2022-04-14 15:47:50', 'admin', '2022-04-14 23:06:25', b'0');
INSERT INTO `conference_equipment` VALUES (2, 'KT0002', '空调', 1, 'admin', '2022-04-14 23:06:45', 'admin', '2022-04-14 23:06:45', b'0');
INSERT INTO `conference_equipment` VALUES (3, 'KT0003', '空调', 1, 'admin', '2022-04-14 23:07:00', 'admin', '2022-04-14 23:07:00', b'0');
INSERT INTO `conference_equipment` VALUES (4, 'TYY0001', '投影仪', 1, 'admin', '2022-04-14 23:07:49', 'admin', '2022-04-14 23:07:49', b'0');
INSERT INTO `conference_equipment` VALUES (5, 'TYY0002', '投影仪', 1, 'admin', '2022-04-14 23:07:56', 'admin', '2022-04-14 23:07:56', b'0');
INSERT INTO `conference_equipment` VALUES (6, 'MKF0001', '麦克风', 1, 'admin', '2022-04-14 23:08:17', 'admin', '2022-04-14 23:08:17', b'0');
INSERT INTO `conference_equipment` VALUES (7, 'MKF0002', '麦克风', 0, 'admin', '2022-04-16 18:10:26', 'admin', '2022-04-16 23:51:46', b'0');
INSERT INTO `conference_equipment` VALUES (8, 'MKF0003', '麦克风', 1, 'admin', '2022-04-16 19:43:55', 'admin', '2022-04-16 19:43:55', b'0');
INSERT INTO `conference_equipment` VALUES (9, 'TYY0003', '投影仪', 0, 'admin', '2022-04-16 21:09:09', 'admin', '2022-04-16 21:09:09', b'0');

-- ----------------------------
-- Table structure for conference_reservation
-- ----------------------------
DROP TABLE IF EXISTS `conference_reservation`;
CREATE TABLE `conference_reservation`  (
  `id` bigint(20) NOT NULL AUTO_INCREMENT COMMENT '自增id',
  `room_code` varchar(50) CHARACTER SET utf8mb4 COLLATE utf8mb4_general_ci NOT NULL COMMENT '会议室编号',
  `subject` varchar(255) CHARACTER SET utf8mb4 COLLATE utf8mb4_general_ci NOT NULL COMMENT '会议主题',
  `date` date NOT NULL COMMENT '会议日期',
  `start_time` varchar(5) CHARACTER SET utf8mb4 COLLATE utf8mb4_general_ci NOT NULL COMMENT '开始时间',
  `end_time` varchar(5) CHARACTER SET utf8mb4 COLLATE utf8mb4_general_ci NOT NULL COMMENT '结束时间',
  `res_emp_id` bigint(20) NOT NULL COMMENT '预订人id',
  `creator` varchar(255) CHARACTER SET utf8mb4 COLLATE utf8mb4_general_ci NOT NULL COMMENT '创建人',
  `create_time` datetime NOT NULL COMMENT '创建时间',
  `is_deleted` tinyint(1) NOT NULL DEFAULT 0 COMMENT '逻辑删除',
  PRIMARY KEY (`id`) USING BTREE
) ENGINE = InnoDB AUTO_INCREMENT = 24 CHARACTER SET = utf8mb4 COLLATE = utf8mb4_general_ci COMMENT = '会议预订表' ROW_FORMAT = Dynamic;

-- ----------------------------
-- Records of conference_reservation
-- ----------------------------
INSERT INTO `conference_reservation` VALUES (1, 'A1-208', '测试', '2022-04-21', '10:00', '12:00', 1, 'admin', '2022-04-20 16:47:27', 0);
INSERT INTO `conference_reservation` VALUES (2, 'A1-207', '123', '2022-04-21', '12:00', '14:00', 1, 'admin', '2022-04-21 10:25:29', 0);
INSERT INTO `conference_reservation` VALUES (3, 'A1-101', '这是两个半小时的会议', '2022-04-21', '15:00', '17:30', 29, 'admin', '2022-04-21 11:47:27', 0);
INSERT INTO `conference_reservation` VALUES (4, 'A1-101', '周六会议', '2022-04-23', '15:00', '17:30', 1, 'admin', '2022-04-23 12:47:27', 0);
INSERT INTO `conference_reservation` VALUES (5, 'A1-208', '于周六创建的会议', '2022-04-23', '18:00', '19:30', 1, 'admin', '2022-04-23 16:35:27', 0);
INSERT INTO `conference_reservation` VALUES (6, 'A1-208', '会议', '2022-04-23', '21:00', '22:30', 1, 'admin', '2022-04-23 16:43:27', 0);
INSERT INTO `conference_reservation` VALUES (7, 'A1-207', '周日21点会议', '2022-04-23', '21:00', '24:00', 1, 'admin', '2022-04-23 16:47:27', 0);
INSERT INTO `conference_reservation` VALUES (8, 'A1-101', '七点半到九点半', '2022-04-23', '19:30', '21:30', 26, 'admin', '2022-04-23 20:19:34', 0);
INSERT INTO `conference_reservation` VALUES (9, 'A1-207', '王五周日会议', '2022-04-24', '15:00', '15:30', 28, 'admin', '2022-04-23 21:42:42', 0);
INSERT INTO `conference_reservation` VALUES (10, 'A1-101', '123', '2022-05-05', '12:00', '14:00', 1, 'admin', '2022-05-05 16:36:34', 0);
INSERT INTO `conference_reservation` VALUES (11, 'A1-208', '56', '2022-05-05', '17:00', '19:00', 1, 'admin', '2022-05-05 16:38:06', 0);
INSERT INTO `conference_reservation` VALUES (12, 'A1-101', '58会议预订测试', '2022-05-08', '15:00', '17:30', 1, 'admin', '2022-05-08 14:55:19', 0);
INSERT INTO `conference_reservation` VALUES (13, 'A1-207', '会议会议', '2022-05-08', '14:30', '16:30', 26, 'admin', '2022-05-08 14:56:22', 0);
INSERT INTO `conference_reservation` VALUES (14, 'A1-208', '深夜会议', '2022-05-08', '21:30', '23:30', 28, 'admin', '2022-05-08 22:57:59', 0);
INSERT INTO `conference_reservation` VALUES (15, 'A1-101', '周一会议', '2022-05-09', '13:00', '15:00', 26, 'admin', '2022-05-08 22:58:28', 0);
INSERT INTO `conference_reservation` VALUES (16, 'A1-101', '123', '2022-05-13', '17:30', '19:00', 26, 'admin', '2022-05-13 17:12:07', 0);
INSERT INTO `conference_reservation` VALUES (17, 'A1-101', '456', '2022-05-13', '17:30', '19:00', 1, 'admin', '2022-05-13 17:12:19', 1);
INSERT INTO `conference_reservation` VALUES (18, 'A1-208', '456', '2022-05-13', '18:30', '20:30', 27, 'admin', '2022-05-13 17:13:45', 0);
INSERT INTO `conference_reservation` VALUES (19, 'A1-208', '789', '2022-05-13', '18:30', '20:30', 28, 'admin', '2022-05-13 17:14:00', 1);
INSERT INTO `conference_reservation` VALUES (20, 'A1-101', '789', '2022-05-13', '20:00', '21:00', 28, 'admin', '2022-05-13 17:15:26', 0);
INSERT INTO `conference_reservation` VALUES (21, 'A1-207', '123', '2022-05-16', '14:30', '17:30', 1, 'admin', '2022-05-16 11:12:23', 1);
INSERT INTO `conference_reservation` VALUES (22, 'A1-101', '111', '2022-05-23', '12:30', '14:30', 26, 'admin', '2022-05-23 11:40:48', 0);
INSERT INTO `conference_reservation` VALUES (23, 'A1-101', '222', '2022-05-23', '15:00', '17:00', 27, 'admin', '2022-05-23 11:40:59', 0);

-- ----------------------------
-- Table structure for conference_room
-- ----------------------------
DROP TABLE IF EXISTS `conference_room`;
CREATE TABLE `conference_room`  (
  `id` bigint(20) NOT NULL AUTO_INCREMENT COMMENT '自增id',
  `code` varchar(50) CHARACTER SET utf8mb4 COLLATE utf8mb4_general_ci NOT NULL COMMENT '会议室编号',
  `address` varchar(255) CHARACTER SET utf8mb4 COLLATE utf8mb4_general_ci NOT NULL COMMENT '会议室地址',
  `status` tinyint(1) NOT NULL DEFAULT 0 COMMENT '状态（0正常，1停用）',
  `creator` varchar(64) CHARACTER SET utf8mb4 COLLATE utf8mb4_general_ci NOT NULL COMMENT '创建者',
  `create_time` datetime NOT NULL COMMENT '创建时间',
  `updater` varchar(64) CHARACTER SET utf8mb4 COLLATE utf8mb4_general_ci NULL DEFAULT NULL COMMENT '更新者',
  `update_time` datetime NULL DEFAULT NULL COMMENT '更新时间',
  `is_deleted` bit(1) NOT NULL DEFAULT b'0' COMMENT '逻辑删除',
  PRIMARY KEY (`id`) USING BTREE
) ENGINE = InnoDB AUTO_INCREMENT = 4 CHARACTER SET = utf8mb4 COLLATE = utf8mb4_general_ci COMMENT = '会议室表' ROW_FORMAT = Dynamic;

-- ----------------------------
-- Records of conference_room
-- ----------------------------
INSERT INTO `conference_room` VALUES (1, 'A1-208', '北区谦园A1栋208室', 0, 'admin', '2022-04-14 16:47:03', 'admin', '2022-04-24 00:02:33', b'0');
INSERT INTO `conference_room` VALUES (2, 'A1-101', '北区谦园A1栋101室', 0, 'admin', '2022-04-14 23:29:26', 'admin', '2022-04-24 14:41:38', b'0');
INSERT INTO `conference_room` VALUES (3, 'A1-207', '北区谦园A1栋207室', 0, 'admin', '2022-04-16 00:35:47', 'admin', '2022-04-24 14:36:52', b'0');

-- ----------------------------
-- Table structure for conference_room_equipment
-- ----------------------------
DROP TABLE IF EXISTS `conference_room_equipment`;
CREATE TABLE `conference_room_equipment`  (
  `id` bigint(20) NOT NULL AUTO_INCREMENT COMMENT '自增id',
  `conference_room_id` bigint(20) NOT NULL COMMENT '会议室id',
  `conference_equipment_id` bigint(20) NOT NULL COMMENT '会议室设备id',
  PRIMARY KEY (`id`) USING BTREE
) ENGINE = InnoDB AUTO_INCREMENT = 8 CHARACTER SET = utf8mb4 COLLATE = utf8mb4_general_ci COMMENT = '会议室-设备关联表' ROW_FORMAT = Dynamic;

-- ----------------------------
-- Records of conference_room_equipment
-- ----------------------------
INSERT INTO `conference_room_equipment` VALUES (1, 2, 1);
INSERT INTO `conference_room_equipment` VALUES (2, 2, 4);
INSERT INTO `conference_room_equipment` VALUES (3, 2, 6);
INSERT INTO `conference_room_equipment` VALUES (4, 1, 2);
INSERT INTO `conference_room_equipment` VALUES (5, 1, 5);
INSERT INTO `conference_room_equipment` VALUES (6, 1, 3);
INSERT INTO `conference_room_equipment` VALUES (7, 3, 8);

-- ----------------------------
-- Table structure for department
-- ----------------------------
DROP TABLE IF EXISTS `department`;
CREATE TABLE `department`  (
  `id` bigint(20) NOT NULL AUTO_INCREMENT COMMENT '部门id',
  `name` varchar(50) CHARACTER SET utf8mb4 COLLATE utf8mb4_unicode_ci NOT NULL DEFAULT '' COMMENT '部门名称',
  `parent_id` bigint(20) NOT NULL DEFAULT 0 COMMENT '父部门id',
  `sort` int(11) NOT NULL DEFAULT 0 COMMENT '显示顺序',
  `leader_emp_id` bigint(20) NULL DEFAULT NULL COMMENT '负责人',
  `phone` char(11) CHARACTER SET utf8mb4 COLLATE utf8mb4_unicode_ci NULL DEFAULT NULL COMMENT '联系电话',
  `email` varchar(50) CHARACTER SET utf8mb4 COLLATE utf8mb4_unicode_ci NULL DEFAULT NULL COMMENT '邮箱',
  `status` tinyint(1) NOT NULL COMMENT '部门状态（0正常 1停用）',
  `creator` varchar(64) CHARACTER SET utf8mb4 COLLATE utf8mb4_unicode_ci NOT NULL DEFAULT '' COMMENT '创建者',
  `create_time` datetime NOT NULL DEFAULT CURRENT_TIMESTAMP COMMENT '创建时间',
  `updater` varchar(64) CHARACTER SET utf8mb4 COLLATE utf8mb4_unicode_ci NULL DEFAULT '' COMMENT '更新者',
  `update_time` datetime NULL DEFAULT CURRENT_TIMESTAMP ON UPDATE CURRENT_TIMESTAMP COMMENT '更新时间',
  `is_deleted` bit(1) NOT NULL DEFAULT b'0' COMMENT '是否删除',
  PRIMARY KEY (`id`) USING BTREE
) ENGINE = InnoDB AUTO_INCREMENT = 117 CHARACTER SET = utf8mb4 COLLATE = utf8mb4_unicode_ci COMMENT = '部门表' ROW_FORMAT = Dynamic;

-- ----------------------------
-- Records of department
-- ----------------------------
INSERT INTO `department` VALUES (100, 'hwenbin', 0, 0, 1, '15888888888', 'ry@qq.com', 0, 'admin', '2021-01-05 17:03:47', '103', '2022-03-25 20:06:57', b'0');
INSERT INTO `department` VALUES (101, '深圳总公司', 100, 2, 27, '15888888888', 'ry@qq.com', 0, 'admin', '2021-01-05 17:03:47', 'admin', '2022-05-28 16:08:03', b'0');
INSERT INTO `department` VALUES (102, '长沙分公司', 100, 3, 0, '15888888888', 'ry@qq.com', 0, 'admin', '2021-01-05 17:03:47', 'admin', '2022-04-11 11:59:00', b'0');
INSERT INTO `department` VALUES (103, '研发部门', 101, 1, 28, '15888888888', 'ry@qq.com', 0, 'admin', '2021-01-05 17:03:47', 'admin', '2022-05-28 16:17:06', b'0');
INSERT INTO `department` VALUES (104, '市场部门', 101, 2, NULL, '15888888888', 'ry@qq.com', 0, 'admin', '2021-01-05 17:03:47', '', '2021-12-15 05:01:38', b'0');
INSERT INTO `department` VALUES (105, '测试部门', 101, 3, NULL, '15888888888', 'ry@qq.com', 0, 'admin', '2021-01-05 17:03:47', '', '2021-12-15 05:01:37', b'0');
INSERT INTO `department` VALUES (106, '财务部门', 101, 4, 103, '15888888888', 'ry@qq.com', 0, 'admin', '2021-01-05 17:03:47', '103', '2022-01-15 21:32:22', b'0');
INSERT INTO `department` VALUES (107, '运维部门', 101, 5, NULL, '15888888888', 'ry@qq.com', 0, 'admin', '2021-01-05 17:03:47', '', '2021-12-15 05:01:33', b'0');
INSERT INTO `department` VALUES (108, '市场部门', 102, 1, NULL, '15888888888', 'ry@qq.com', 0, 'admin', '2021-01-05 17:03:47', '1', '2022-02-16 08:35:45', b'0');
INSERT INTO `department` VALUES (109, '财务部门', 102, 2, NULL, '15888888888', 'ry@qq.com', 0, 'admin', '2021-01-05 17:03:47', '', '2021-12-15 05:01:29', b'0');
INSERT INTO `department` VALUES (112, 'hwb测试', 100, 4, 0, '13850469677', NULL, 0, '1', '2022-03-25 16:07:53', 'admin', '2022-04-11 11:59:09', b'0');
INSERT INTO `department` VALUES (113, '摸鱼部', 112, 0, 12, '13159290527', 'moyubu@163.com', 1, 'admin', '2022-03-25 23:16:31', '', '2022-03-25 23:16:31', b'0');
INSERT INTO `department` VALUES (114, '养老部', 112, 1, 1, NULL, NULL, 0, 'admin', '2022-03-25 23:22:23', 'admin', '2022-04-17 13:59:02', b'0');
INSERT INTO `department` VALUES (115, '测试部', 112, 2, 8, NULL, NULL, 0, 'admin', '2022-03-27 13:57:24', 'admin', '2022-05-28 16:00:24', b'0');
INSERT INTO `department` VALUES (116, '董事会', 100, 1, 1, '17850396869', 'hwenbin@163.com', 0, 'admin', '2022-04-11 11:59:45', 'admin', '2022-04-11 11:59:45', b'0');

-- ----------------------------
-- Table structure for employee
-- ----------------------------
DROP TABLE IF EXISTS `employee`;
CREATE TABLE `employee`  (
  `id` bigint(20) UNSIGNED NOT NULL AUTO_INCREMENT COMMENT '员工id',
  `name` varchar(64) CHARACTER SET utf8mb4 COLLATE utf8mb4_general_ci NOT NULL COMMENT '员工姓名',
  `nickname` varchar(128) CHARACTER SET utf8mb4 COLLATE utf8mb4_general_ci NOT NULL COMMENT '账户昵称',
  `sex` tinyint(1) NULL DEFAULT 0 COMMENT '员工性别 1女，2男',
  `phone` char(11) CHARACTER SET utf8mb4 COLLATE utf8mb4_general_ci NULL DEFAULT NULL COMMENT '员工电话',
  `email` varchar(50) CHARACTER SET utf8mb4 COLLATE utf8mb4_general_ci NULL DEFAULT NULL COMMENT '员工邮箱',
  `birthday` date NULL DEFAULT NULL COMMENT '员工生日',
  `position_ids` varchar(255) CHARACTER SET utf8mb4 COLLATE utf8mb4_general_ci NULL DEFAULT NULL COMMENT '职位编号数组',
  `dept_id` bigint(20) NULL DEFAULT NULL COMMENT '部门id',
  `entry_date` date NULL DEFAULT NULL COMMENT '入职日期',
  `remark` varchar(500) CHARACTER SET utf8mb4 COLLATE utf8mb4_general_ci NULL DEFAULT NULL COMMENT '备注',
  `status` tinyint(1) NOT NULL DEFAULT 0 COMMENT '帐号状态 0正常，1停用',
  `creator` varchar(64) CHARACTER SET utf8mb4 COLLATE utf8mb4_general_ci NOT NULL COMMENT '创建者',
  `create_time` datetime NOT NULL DEFAULT CURRENT_TIMESTAMP COMMENT '创建时间',
  `updater` varchar(64) CHARACTER SET utf8mb4 COLLATE utf8mb4_general_ci NULL DEFAULT NULL COMMENT '更新者',
  `update_time` datetime NULL DEFAULT NULL COMMENT '更新时间',
  `is_deleted` bit(1) NOT NULL DEFAULT b'0' COMMENT '逻辑删除 0未删除，1已删除',
  PRIMARY KEY (`id`) USING BTREE,
  UNIQUE INDEX `ix_employee_name`(`name`) USING BTREE,
  UNIQUE INDEX `ix_employee_email`(`email`) USING BTREE
) ENGINE = InnoDB AUTO_INCREMENT = 32 CHARACTER SET = utf8mb4 COLLATE = utf8mb4_general_ci COMMENT = '员工信息表' ROW_FORMAT = Dynamic;

-- ----------------------------
-- Records of employee
-- ----------------------------
INSERT INTO `employee` VALUES (1, 'admin', 'admin', NULL, '', 'admin@qq.com', '2022-02-20', '[1]', 116, NULL, NULL, 0, 'admin', '2022-03-22 17:31:43', 'admin', '2022-04-11 12:01:25', b'0');
INSERT INTO `employee` VALUES (26, '张三', '法外狂徒', 2, '13323456869', 'zhangsan123@163.com', '1999-05-29', '[4]', 115, '2022-05-26', '法外狂徒张三 - excel更新测试', 0, 'admin', '2022-03-29 18:40:09', 'admin', '2022-05-28 16:02:52', b'0');
INSERT INTO `employee` VALUES (27, '李四', 'lisi', 1, '13312345678', 'lisi@163.com', '2000-02-02', '[6]', 116, '2022-02-20', '大股东', 0, 'admin', '2022-04-11 12:06:58', 'admin', '2022-04-15 18:23:40', b'0');
INSERT INTO `employee` VALUES (28, '王五', 'wangwu', 2, '17812345678', 'wangwu@163.com', '1998-03-12', '[6]', 116, '2022-02-25', '小股东', 0, 'admin', '2022-04-11 12:08:28', 'admin', '2022-04-11 12:08:28', b'0');
INSERT INTO `employee` VALUES (29, '安纳金', 'annajin', 2, '15912344321', 'annajin@qq.com', '1989-08-03', '[6]', 116, '2022-03-04', NULL, 0, 'admin', '2022-04-11 13:27:03', 'admin', '2022-04-30 17:25:30', b'0');
INSERT INTO `employee` VALUES (31, '创建测试', 'createtest', 1, '13312346869', 'createtest123@163.com', '2000-05-28', '[8]', 115, '2022-05-27', '创建测试账号', 0, 'admin', '2022-05-28 16:01:39', 'admin', '2022-05-28 16:01:39', b'0');

-- ----------------------------
-- Table structure for file
-- ----------------------------
DROP TABLE IF EXISTS `file`;
CREATE TABLE `file`  (
  `id` bigint(20) UNSIGNED NOT NULL AUTO_INCREMENT COMMENT '自增id',
  `name` varchar(255) CHARACTER SET utf8mb4 COLLATE utf8mb4_general_ci NOT NULL COMMENT '文件名',
  `path` varchar(255) CHARACTER SET utf8mb4 COLLATE utf8mb4_general_ci NULL DEFAULT NULL COMMENT '路径',
  `type` varchar(20) CHARACTER SET utf8mb4 COLLATE utf8mb4_general_ci NOT NULL COMMENT '类型',
  `size` varchar(20) CHARACTER SET utf8mb4 COLLATE utf8mb4_general_ci NOT NULL COMMENT '大小',
  `emp_id` bigint(20) NOT NULL COMMENT '员工id',
  `parent_id` bigint(20) NOT NULL COMMENT '父级id 0为根目录',
  `is_shared` tinyint(1) NOT NULL DEFAULT 0 COMMENT '是否公共',
  `content_type` varchar(100) CHARACTER SET utf8mb4 COLLATE utf8mb4_general_ci NULL DEFAULT NULL COMMENT 'content-type',
  `creator` varchar(64) CHARACTER SET utf8mb4 COLLATE utf8mb4_general_ci NOT NULL COMMENT '创建者',
  `create_time` datetime NOT NULL COMMENT '创建时间',
  `updater` varchar(64) CHARACTER SET utf8mb4 COLLATE utf8mb4_general_ci NULL DEFAULT NULL COMMENT '更新者',
  `update_time` datetime NULL DEFAULT NULL COMMENT '更新时间',
  `is_deleted` bit(1) NOT NULL DEFAULT b'0' COMMENT '逻辑删除',
  `deleted_batch_num` varchar(50) CHARACTER SET utf8mb4 COLLATE utf8mb4_general_ci NULL DEFAULT NULL COMMENT '删除批次号',
  `mount_share_folder_id` bigint(20) NULL DEFAULT NULL COMMENT '挂载的共享目录',
  PRIMARY KEY (`id`) USING BTREE
) ENGINE = InnoDB AUTO_INCREMENT = 92 CHARACTER SET = utf8mb4 COLLATE = utf8mb4_general_ci COMMENT = '文件' ROW_FORMAT = Dynamic;

-- ----------------------------
-- Records of file
-- ----------------------------
INSERT INTO `file` VALUES (62, '这是个人文件夹', NULL, '文件夹', '-', 1, 0, 0, NULL, 'admin', '2022-04-09 00:17:07', 'admin', '2022-04-09 00:17:07', b'1', 'da0b31fa-89ea-46e8-a70e-c26651dd7cf1', NULL);
INSERT INTO `file` VALUES (63, '文件夹二号', NULL, '文件夹', '-', 1, 0, 0, NULL, 'admin', '2022-04-09 00:17:30', 'admin', '2022-04-09 00:17:42', b'1', '74a14e72-b209-480d-83a2-fc49640715b0', NULL);
INSERT INTO `file` VALUES (64, '1-1', NULL, '文件夹', '-', 1, 62, 0, NULL, 'admin', '2022-04-09 00:17:56', 'admin', '2022-04-09 00:17:56', b'1', 'da0b31fa-89ea-46e8-a70e-c26651dd7cf1', NULL);
INSERT INTO `file` VALUES (65, '空文本文件.txt', '1/2022/04/09/1082743空文本文件.txt', 'txt', '0B', 1, 64, 0, 'text/plain', 'admin', '2022-04-09 00:18:03', 'admin', '2022-04-09 00:18:03', b'1', 'da0b31fa-89ea-46e8-a70e-c26651dd7cf1', NULL);
INSERT INTO `file` VALUES (66, '空文本文件.txt', '1/2022/04/09/1170486空文本文件.txt', 'txt', '0B', 1, 62, 0, 'text/plain', 'admin', '2022-04-09 00:19:30', 'admin', '2022-04-09 00:19:30', b'1', 'da0b31fa-89ea-46e8-a70e-c26651dd7cf1', NULL);
INSERT INTO `file` VALUES (67, '这是共享文件夹', NULL, '文件夹', '-', 1, 0, 1, NULL, 'admin', '2022-04-09 00:20:44', 'admin', '2022-04-09 00:20:44', b'1', '9f2624bb-5c54-4672-9399-e4e197def798', NULL);
INSERT INTO `file` VALUES (68, '共享文件夹二号', NULL, '文件夹', '-', 1, 0, 1, NULL, 'admin', '2022-04-09 00:20:53', 'admin', '2022-04-09 13:59:51', b'0', NULL, NULL);
INSERT INTO `file` VALUES (69, '空文本文件.txt', '1/2022/04/09/1260248空文本文件.txt', 'txt', '0B', 1, 67, 1, 'text/plain', 'admin', '2022-04-09 00:21:00', 'admin', '2022-04-09 00:21:00', b'1', '9f2624bb-5c54-4672-9399-e4e197def798', NULL);
INSERT INTO `file` VALUES (70, '空文本文件.txt', '1/2022/04/09/47685525空文本文件.txt', 'txt', '0B', 1, 63, 0, 'text/plain', 'admin', '2022-04-09 13:14:46', 'admin', '2022-04-09 13:14:46', b'1', '74a14e72-b209-480d-83a2-fc49640715b0', NULL);
INSERT INTO `file` VALUES (71, 'share测试', NULL, '文件夹', '-', 1, 67, 1, NULL, 'admin', '2022-04-09 13:46:02', 'admin', '2022-04-09 13:46:02', b'1', '9f2624bb-5c54-4672-9399-e4e197def798', NULL);
INSERT INTO `file` VALUES (72, '空文本文件.txt', '1/2022/04/09/49569505空文本文件.txt', 'txt', '0B', 1, 71, 1, 'text/plain', 'admin', '2022-04-09 13:46:10', 'admin', '2022-04-09 13:46:10', b'1', '9f2624bb-5c54-4672-9399-e4e197def798', NULL);
INSERT INTO `file` VALUES (76, '个人测试文件夹', NULL, '文件夹', '-', 1, 0, 0, NULL, 'admin', '2022-04-09 15:40:40', 'admin', '2022-04-09 15:40:40', b'0', NULL, NULL);
INSERT INTO `file` VALUES (77, '测试文件夹', NULL, '文件夹', '-', 1, 76, 0, NULL, 'admin', '2022-04-09 15:40:48', 'admin', '2022-04-09 15:40:48', b'0', NULL, NULL);
INSERT INTO `file` VALUES (78, '测试文件夹下的word文件.docx', '1/2022/04/09/56453155测试文件夹下的word文件.docx', 'docx', '0B', 1, 77, 0, 'application/vnd.openxmlformats-officedocument.wordprocessingml.document', 'admin', '2022-04-09 15:40:53', 'admin', '2022-04-09 15:40:53', b'0', NULL, NULL);
INSERT INTO `file` VALUES (79, 'txt文件上传测试.txt', '1/2022/05/08/52540011txt文件上传测试.txt', 'txt', '6B', 1, 0, 0, 'text/plain', 'admin', '2022-05-08 14:35:40', 'admin', '2022-05-22 22:06:53', b'0', NULL, NULL);
INSERT INTO `file` VALUES (80, '这是共享txt文件.txt', '1/2022/05/08/52752610这是共享txt文件.txt', 'txt', '6B', 1, 0, 1, 'text/plain', 'admin', '2022-05-08 14:39:13', 'admin', '2022-05-08 14:39:13', b'0', NULL, NULL);
INSERT INTO `file` VALUES (81, '删除txt文件测试.txt', '1/2022/05/08/52876571删除txt文件测试.txt', 'txt', '6B', 1, 0, 0, 'text/plain', 'admin', '2022-05-08 14:41:17', 'admin', '2022-05-08 14:41:17', b'1', 'f2e19b4f-f2a6-4ade-9cfc-bda2b272cca9', NULL);
INSERT INTO `file` VALUES (82, 'share2-1', NULL, '文件夹', '-', 1, 68, 1, NULL, 'admin', '2022-05-22 22:01:41', 'admin', '2022-05-22 22:01:41', b'0', NULL, NULL);
INSERT INTO `file` VALUES (83, 'share2-1-1', NULL, '文件夹', '-', 1, 82, 1, NULL, 'admin', '2022-05-22 22:01:49', 'admin', '2022-05-22 22:01:49', b'0', NULL, NULL);
INSERT INTO `file` VALUES (84, '共享文件夹0522', NULL, '文件夹', '-', 1, 0, 1, NULL, 'admin', '2022-05-22 22:02:05', 'admin', '2022-05-22 22:02:05', b'0', NULL, NULL);
INSERT INTO `file` VALUES (85, '测试文件共享功能.txt', '1/2022/05/22/82353362测试文件共享功能.txt', 'txt', '178B', 1, 0, 0, 'text/plain', 'admin', '2022-05-22 22:52:33', 'admin', '2022-05-22 22:52:33', b'0', NULL, 84);
INSERT INTO `file` VALUES (86, '测试文件共享功能-v1.txt', '1/2022/05/23/344918测试文件共享功能-v1.txt', 'txt', '196B', 1, 76, 0, 'text/plain', 'admin', '2022-05-23 00:05:45', 'admin', '2022-05-23 00:05:45', b'0', NULL, 84);
INSERT INTO `file` VALUES (87, '测试文件共享功能-v2-共享根目录.txt', '1/2022/05/23/844514测试文件共享功能-v2-共享根目录.txt', 'txt', '292B', 1, 0, 0, 'text/plain', 'admin', '2022-05-23 00:14:05', 'admin', '2022-05-23 00:14:05', b'0', NULL, 0);
INSERT INTO `file` VALUES (88, '员工导入模板.xls', '1/2022/05/26/73214440员工导入模板.xls', 'xls', '15B', 1, 0, 0, 'application/vnd.ms-excel', 'admin', '2022-05-26 20:20:14', 'admin', '2022-05-26 20:20:14', b'1', '8e143bf5-8ce8-49f0-98b4-f696803b8aaf', NULL);
INSERT INTO `file` VALUES (89, '员工导入模板.xls', '1/2022/05/26/74278014员工导入模板.xls', 'xls', '3KB', 1, 0, 1, 'application/vnd.ms-excel', 'admin', '2022-05-26 20:37:58', 'admin', '2022-05-26 20:37:58', b'0', NULL, NULL);
INSERT INTO `file` VALUES (90, 'gif表情包.gif', '1/2022/05/28/72390557gif表情包.gif', 'gif', '1MB', 1, 0, 0, 'image/gif', 'admin', '2022-05-28 20:06:31', 'admin', '2022-05-28 20:06:31', b'0', NULL, NULL);
INSERT INTO `file` VALUES (91, '图片表情包.jpg', '1/2022/05/28/72541371图片表情包.jpg', 'jpg', '1KB', 1, 0, 0, 'image/jpeg', 'admin', '2022-05-28 20:09:01', 'admin', '2022-05-28 20:09:01', b'0', NULL, NULL);

-- ----------------------------
-- Table structure for flw_channel_definition
-- ----------------------------
DROP TABLE IF EXISTS `flw_channel_definition`;
CREATE TABLE `flw_channel_definition`  (
  `ID_` varchar(255) CHARACTER SET utf8mb4 COLLATE utf8mb4_general_ci NOT NULL,
  `NAME_` varchar(255) CHARACTER SET utf8mb4 COLLATE utf8mb4_general_ci NULL DEFAULT NULL,
  `VERSION_` int(11) NULL DEFAULT NULL,
  `KEY_` varchar(255) CHARACTER SET utf8mb4 COLLATE utf8mb4_general_ci NULL DEFAULT NULL,
  `CATEGORY_` varchar(255) CHARACTER SET utf8mb4 COLLATE utf8mb4_general_ci NULL DEFAULT NULL,
  `DEPLOYMENT_ID_` varchar(255) CHARACTER SET utf8mb4 COLLATE utf8mb4_general_ci NULL DEFAULT NULL,
  `CREATE_TIME_` datetime(3) NULL DEFAULT NULL,
  `TENANT_ID_` varchar(255) CHARACTER SET utf8mb4 COLLATE utf8mb4_general_ci NULL DEFAULT NULL,
  `RESOURCE_NAME_` varchar(255) CHARACTER SET utf8mb4 COLLATE utf8mb4_general_ci NULL DEFAULT NULL,
  `DESCRIPTION_` varchar(255) CHARACTER SET utf8mb4 COLLATE utf8mb4_general_ci NULL DEFAULT NULL,
  `TYPE_` varchar(255) CHARACTER SET utf8mb4 COLLATE utf8mb4_general_ci NULL DEFAULT NULL,
  `IMPLEMENTATION_` varchar(255) CHARACTER SET utf8mb4 COLLATE utf8mb4_general_ci NULL DEFAULT NULL,
  PRIMARY KEY (`ID_`) USING BTREE,
  UNIQUE INDEX `ACT_IDX_CHANNEL_DEF_UNIQ`(`KEY_`, `VERSION_`, `TENANT_ID_`) USING BTREE
) ENGINE = InnoDB CHARACTER SET = utf8mb4 COLLATE = utf8mb4_general_ci ROW_FORMAT = Dynamic;

-- ----------------------------
-- Records of flw_channel_definition
-- ----------------------------

-- ----------------------------
-- Table structure for flw_ev_databasechangelog
-- ----------------------------
DROP TABLE IF EXISTS `flw_ev_databasechangelog`;
CREATE TABLE `flw_ev_databasechangelog`  (
  `ID` varchar(255) CHARACTER SET utf8mb4 COLLATE utf8mb4_general_ci NOT NULL,
  `AUTHOR` varchar(255) CHARACTER SET utf8mb4 COLLATE utf8mb4_general_ci NOT NULL,
  `FILENAME` varchar(255) CHARACTER SET utf8mb4 COLLATE utf8mb4_general_ci NOT NULL,
  `DATEEXECUTED` datetime NOT NULL,
  `ORDEREXECUTED` int(11) NOT NULL,
  `EXECTYPE` varchar(10) CHARACTER SET utf8mb4 COLLATE utf8mb4_general_ci NOT NULL,
  `MD5SUM` varchar(35) CHARACTER SET utf8mb4 COLLATE utf8mb4_general_ci NULL DEFAULT NULL,
  `DESCRIPTION` varchar(255) CHARACTER SET utf8mb4 COLLATE utf8mb4_general_ci NULL DEFAULT NULL,
  `COMMENTS` varchar(255) CHARACTER SET utf8mb4 COLLATE utf8mb4_general_ci NULL DEFAULT NULL,
  `TAG` varchar(255) CHARACTER SET utf8mb4 COLLATE utf8mb4_general_ci NULL DEFAULT NULL,
  `LIQUIBASE` varchar(20) CHARACTER SET utf8mb4 COLLATE utf8mb4_general_ci NULL DEFAULT NULL,
  `CONTEXTS` varchar(255) CHARACTER SET utf8mb4 COLLATE utf8mb4_general_ci NULL DEFAULT NULL,
  `LABELS` varchar(255) CHARACTER SET utf8mb4 COLLATE utf8mb4_general_ci NULL DEFAULT NULL,
  `DEPLOYMENT_ID` varchar(10) CHARACTER SET utf8mb4 COLLATE utf8mb4_general_ci NULL DEFAULT NULL
) ENGINE = InnoDB CHARACTER SET = utf8mb4 COLLATE = utf8mb4_general_ci ROW_FORMAT = Dynamic;

-- ----------------------------
-- Records of flw_ev_databasechangelog
-- ----------------------------
INSERT INTO `flw_ev_databasechangelog` VALUES ('1', 'flowable', 'org/flowable/eventregistry/db/liquibase/flowable-eventregistry-db-changelog.xml', '2022-04-30 11:31:50', 1, 'EXECUTED', '8:1b0c48c9cf7945be799d868a2626d687', 'createTable tableName=FLW_EVENT_DEPLOYMENT; createTable tableName=FLW_EVENT_RESOURCE; createTable tableName=FLW_EVENT_DEFINITION; createIndex indexName=ACT_IDX_EVENT_DEF_UNIQ, tableName=FLW_EVENT_DEFINITION; createTable tableName=FLW_CHANNEL_DEFIN...', '', NULL, '3.8.2', NULL, NULL, '1289510516');
INSERT INTO `flw_ev_databasechangelog` VALUES ('2', 'flowable', 'org/flowable/eventregistry/db/liquibase/flowable-eventregistry-db-changelog.xml', '2022-04-30 11:31:50', 2, 'EXECUTED', '8:0ea825feb8e470558f0b5754352b9cda', 'addColumn tableName=FLW_CHANNEL_DEFINITION; addColumn tableName=FLW_CHANNEL_DEFINITION', '', NULL, '3.8.2', NULL, NULL, '1289510516');
INSERT INTO `flw_ev_databasechangelog` VALUES ('3', 'flowable', 'org/flowable/eventregistry/db/liquibase/flowable-eventregistry-db-changelog.xml', '2022-04-30 11:31:50', 3, 'EXECUTED', '8:3c2bb293350b5cbe6504331980c9dcee', 'customChange', '', NULL, '3.8.2', NULL, NULL, '1289510516');

-- ----------------------------
-- Table structure for flw_ev_databasechangeloglock
-- ----------------------------
DROP TABLE IF EXISTS `flw_ev_databasechangeloglock`;
CREATE TABLE `flw_ev_databasechangeloglock`  (
  `ID` int(11) NOT NULL,
  `LOCKED` bit(1) NOT NULL,
  `LOCKGRANTED` datetime NULL DEFAULT NULL,
  `LOCKEDBY` varchar(255) CHARACTER SET utf8mb4 COLLATE utf8mb4_general_ci NULL DEFAULT NULL,
  PRIMARY KEY (`ID`) USING BTREE
) ENGINE = InnoDB CHARACTER SET = utf8mb4 COLLATE = utf8mb4_general_ci ROW_FORMAT = Dynamic;

-- ----------------------------
-- Records of flw_ev_databasechangeloglock
-- ----------------------------
INSERT INTO `flw_ev_databasechangeloglock` VALUES (1, b'0', NULL, NULL);

-- ----------------------------
-- Table structure for flw_event_definition
-- ----------------------------
DROP TABLE IF EXISTS `flw_event_definition`;
CREATE TABLE `flw_event_definition`  (
  `ID_` varchar(255) CHARACTER SET utf8mb4 COLLATE utf8mb4_general_ci NOT NULL,
  `NAME_` varchar(255) CHARACTER SET utf8mb4 COLLATE utf8mb4_general_ci NULL DEFAULT NULL,
  `VERSION_` int(11) NULL DEFAULT NULL,
  `KEY_` varchar(255) CHARACTER SET utf8mb4 COLLATE utf8mb4_general_ci NULL DEFAULT NULL,
  `CATEGORY_` varchar(255) CHARACTER SET utf8mb4 COLLATE utf8mb4_general_ci NULL DEFAULT NULL,
  `DEPLOYMENT_ID_` varchar(255) CHARACTER SET utf8mb4 COLLATE utf8mb4_general_ci NULL DEFAULT NULL,
  `TENANT_ID_` varchar(255) CHARACTER SET utf8mb4 COLLATE utf8mb4_general_ci NULL DEFAULT NULL,
  `RESOURCE_NAME_` varchar(255) CHARACTER SET utf8mb4 COLLATE utf8mb4_general_ci NULL DEFAULT NULL,
  `DESCRIPTION_` varchar(255) CHARACTER SET utf8mb4 COLLATE utf8mb4_general_ci NULL DEFAULT NULL,
  PRIMARY KEY (`ID_`) USING BTREE,
  UNIQUE INDEX `ACT_IDX_EVENT_DEF_UNIQ`(`KEY_`, `VERSION_`, `TENANT_ID_`) USING BTREE
) ENGINE = InnoDB CHARACTER SET = utf8mb4 COLLATE = utf8mb4_general_ci ROW_FORMAT = Dynamic;

-- ----------------------------
-- Records of flw_event_definition
-- ----------------------------

-- ----------------------------
-- Table structure for flw_event_deployment
-- ----------------------------
DROP TABLE IF EXISTS `flw_event_deployment`;
CREATE TABLE `flw_event_deployment`  (
  `ID_` varchar(255) CHARACTER SET utf8mb4 COLLATE utf8mb4_general_ci NOT NULL,
  `NAME_` varchar(255) CHARACTER SET utf8mb4 COLLATE utf8mb4_general_ci NULL DEFAULT NULL,
  `CATEGORY_` varchar(255) CHARACTER SET utf8mb4 COLLATE utf8mb4_general_ci NULL DEFAULT NULL,
  `DEPLOY_TIME_` datetime(3) NULL DEFAULT NULL,
  `TENANT_ID_` varchar(255) CHARACTER SET utf8mb4 COLLATE utf8mb4_general_ci NULL DEFAULT NULL,
  `PARENT_DEPLOYMENT_ID_` varchar(255) CHARACTER SET utf8mb4 COLLATE utf8mb4_general_ci NULL DEFAULT NULL,
  PRIMARY KEY (`ID_`) USING BTREE
) ENGINE = InnoDB CHARACTER SET = utf8mb4 COLLATE = utf8mb4_general_ci ROW_FORMAT = Dynamic;

-- ----------------------------
-- Records of flw_event_deployment
-- ----------------------------

-- ----------------------------
-- Table structure for flw_event_resource
-- ----------------------------
DROP TABLE IF EXISTS `flw_event_resource`;
CREATE TABLE `flw_event_resource`  (
  `ID_` varchar(255) CHARACTER SET utf8mb4 COLLATE utf8mb4_general_ci NOT NULL,
  `NAME_` varchar(255) CHARACTER SET utf8mb4 COLLATE utf8mb4_general_ci NULL DEFAULT NULL,
  `DEPLOYMENT_ID_` varchar(255) CHARACTER SET utf8mb4 COLLATE utf8mb4_general_ci NULL DEFAULT NULL,
  `RESOURCE_BYTES_` longblob NULL,
  PRIMARY KEY (`ID_`) USING BTREE
) ENGINE = InnoDB CHARACTER SET = utf8mb4 COLLATE = utf8mb4_general_ci ROW_FORMAT = Dynamic;

-- ----------------------------
-- Records of flw_event_resource
-- ----------------------------

-- ----------------------------
-- Table structure for flw_ru_batch
-- ----------------------------
DROP TABLE IF EXISTS `flw_ru_batch`;
CREATE TABLE `flw_ru_batch`  (
  `ID_` varchar(64) CHARACTER SET utf8 COLLATE utf8_bin NOT NULL,
  `REV_` int(11) NULL DEFAULT NULL,
  `TYPE_` varchar(64) CHARACTER SET utf8 COLLATE utf8_bin NOT NULL,
  `SEARCH_KEY_` varchar(255) CHARACTER SET utf8 COLLATE utf8_bin NULL DEFAULT NULL,
  `SEARCH_KEY2_` varchar(255) CHARACTER SET utf8 COLLATE utf8_bin NULL DEFAULT NULL,
  `CREATE_TIME_` datetime(3) NOT NULL,
  `COMPLETE_TIME_` datetime(3) NULL DEFAULT NULL,
  `STATUS_` varchar(255) CHARACTER SET utf8 COLLATE utf8_bin NULL DEFAULT NULL,
  `BATCH_DOC_ID_` varchar(64) CHARACTER SET utf8 COLLATE utf8_bin NULL DEFAULT NULL,
  `TENANT_ID_` varchar(255) CHARACTER SET utf8 COLLATE utf8_bin NULL DEFAULT '',
  PRIMARY KEY (`ID_`) USING BTREE
) ENGINE = InnoDB CHARACTER SET = utf8 COLLATE = utf8_bin ROW_FORMAT = Dynamic;

-- ----------------------------
-- Records of flw_ru_batch
-- ----------------------------

-- ----------------------------
-- Table structure for flw_ru_batch_part
-- ----------------------------
DROP TABLE IF EXISTS `flw_ru_batch_part`;
CREATE TABLE `flw_ru_batch_part`  (
  `ID_` varchar(64) CHARACTER SET utf8 COLLATE utf8_bin NOT NULL,
  `REV_` int(11) NULL DEFAULT NULL,
  `BATCH_ID_` varchar(64) CHARACTER SET utf8 COLLATE utf8_bin NULL DEFAULT NULL,
  `TYPE_` varchar(64) CHARACTER SET utf8 COLLATE utf8_bin NOT NULL,
  `SCOPE_ID_` varchar(64) CHARACTER SET utf8 COLLATE utf8_bin NULL DEFAULT NULL,
  `SUB_SCOPE_ID_` varchar(64) CHARACTER SET utf8 COLLATE utf8_bin NULL DEFAULT NULL,
  `SCOPE_TYPE_` varchar(64) CHARACTER SET utf8 COLLATE utf8_bin NULL DEFAULT NULL,
  `SEARCH_KEY_` varchar(255) CHARACTER SET utf8 COLLATE utf8_bin NULL DEFAULT NULL,
  `SEARCH_KEY2_` varchar(255) CHARACTER SET utf8 COLLATE utf8_bin NULL DEFAULT NULL,
  `CREATE_TIME_` datetime(3) NOT NULL,
  `COMPLETE_TIME_` datetime(3) NULL DEFAULT NULL,
  `STATUS_` varchar(255) CHARACTER SET utf8 COLLATE utf8_bin NULL DEFAULT NULL,
  `RESULT_DOC_ID_` varchar(64) CHARACTER SET utf8 COLLATE utf8_bin NULL DEFAULT NULL,
  `TENANT_ID_` varchar(255) CHARACTER SET utf8 COLLATE utf8_bin NULL DEFAULT '',
  PRIMARY KEY (`ID_`) USING BTREE,
  INDEX `FLW_IDX_BATCH_PART`(`BATCH_ID_`) USING BTREE,
  CONSTRAINT `FLW_FK_BATCH_PART_PARENT` FOREIGN KEY (`BATCH_ID_`) REFERENCES `flw_ru_batch` (`ID_`) ON DELETE RESTRICT ON UPDATE RESTRICT
) ENGINE = InnoDB CHARACTER SET = utf8 COLLATE = utf8_bin ROW_FORMAT = Dynamic;

-- ----------------------------
-- Records of flw_ru_batch_part
-- ----------------------------

-- ----------------------------
-- Table structure for missive
-- ----------------------------
DROP TABLE IF EXISTS `missive`;
CREATE TABLE `missive`  (
  `id` bigint(20) NOT NULL AUTO_INCREMENT COMMENT '流水号（自增id）',
  `name` varchar(255) CHARACTER SET utf8mb4 COLLATE utf8mb4_general_ci NOT NULL COMMENT '公文名称',
  `type` tinyint(1) NOT NULL COMMENT '公文类型（1通告、2指示、3议案、4决议、5命令）',
  `secret_level` tinyint(1) NOT NULL COMMENT '机密程度（1公开，2部门）',
  `primary_send_dept_id` bigint(20) NULL DEFAULT NULL COMMENT '主送部门id',
  `copy_send_dept_id` bigint(20) NULL DEFAULT NULL COMMENT '抄送部门id',
  `author_id` bigint(20) NOT NULL COMMENT '拟稿人id',
  `author_dept_id` bigint(20) NOT NULL COMMENT '拟稿部门id',
  `content` text CHARACTER SET utf8mb4 COLLATE utf8mb4_general_ci NOT NULL COMMENT '正文',
  `attachment_id` bigint(20) NULL DEFAULT NULL COMMENT '附件id',
  `creator` varchar(255) CHARACTER SET utf8mb4 COLLATE utf8mb4_general_ci NOT NULL COMMENT '创建人',
  `create_time` datetime NOT NULL COMMENT '创建时间',
  `updater` varchar(255) CHARACTER SET utf8mb4 COLLATE utf8mb4_general_ci NULL DEFAULT NULL COMMENT '更新人',
  `update_time` datetime NULL DEFAULT NULL COMMENT '更新时间',
  `is_deleted` bit(1) NOT NULL DEFAULT b'0' COMMENT '逻辑删除',
  PRIMARY KEY (`id`) USING BTREE
) ENGINE = InnoDB AUTO_INCREMENT = 10002 CHARACTER SET = utf8mb4 COLLATE = utf8mb4_general_ci COMMENT = '公文表' ROW_FORMAT = Dynamic;

-- ----------------------------
-- Records of missive
-- ----------------------------
INSERT INTO `missive` VALUES (10001, '发布于4月18日并于4月19日进行更新的一份通告', 1, 2, 114, 116, 28, 103, '<p>啦啦啦啦<img class=\"wscnph\" src=\"data:image/jpeg;base64,/9j/4AAQSkZJRgABAQEASABIAAD/2wBDAAYEBQYFBAYGBQYHBwYIChAKCgkJChQODwwQFxQYGBcUFhYaHSUfGhsjHBYWICwgIyYnKSopGR8tMC0oMCUoKSj/2wBDAQcHBwoIChMKChMoGhYaKCgoKCgoKCgoKCgoKCgoKCgoKCgoKCgoKCgoKCgoKCgoKCgoKCgoKCgoKCgoKCgoKCj/wAARCACWAJYDASIAAhEBAxEB/8QAHwAAAQUBAQEBAQEAAAAAAAAAAAECAwQFBgcICQoL/8QAtRAAAgEDAwIEAwUFBAQAAAF9AQIDAAQRBRIhMUEGE1FhByJxFDKBkaEII0KxwRVS0fAkM2JyggkKFhcYGRolJicoKSo0NTY3ODk6Q0RFRkdISUpTVFVWV1hZWmNkZWZnaGlqc3R1dnd4eXqDhIWGh4iJipKTlJWWl5iZmqKjpKWmp6ipqrKztLW2t7i5usLDxMXGx8jJytLT1NXW19jZ2uHi4+Tl5ufo6erx8vP09fb3+Pn6/8QAHwEAAwEBAQEBAQEBAQAAAAAAAAECAwQFBgcICQoL/8QAtREAAgECBAQDBAcFBAQAAQJ3AAECAxEEBSExBhJBUQdhcRMiMoEIFEKRobHBCSMzUvAVYnLRChYkNOEl8RcYGRomJygpKjU2Nzg5OkNERUZHSElKU1RVVldYWVpjZGVmZ2hpanN0dXZ3eHl6goOEhYaHiImKkpOUlZaXmJmaoqOkpaanqKmqsrO0tba3uLm6wsPExcbHyMnK0tPU1dbX2Nna4uPk5ebn6Onq8vP09fb3+Pn6/9oADAMBAAIRAxEAPwCnRRRX6QfjwUUUUAFV9QuksrOS4l+6gyOe9WO9ZXiOPzrLymwQx6d+Bmsq83Cm5I6cJS9tWjB9TO0zxfBf3QgWCRWPTB64rch1C2llEQkw552nrXGW/h5EuoLi1mKbRuKlc9vrW6FeSRTJH8mCqZXrk5Jz36V8v/btSDSlE+4qcL4aorQbj5nQAgn5efpQzqqkyHAHJrIs1LSxorSJk4AXv9K9m8HeAlTbc6kE2YDDeMsPp6GuyXEFNK0I69jzY8KVXLWWnfqeZXVteLZxzpCQs8nlxMRjceMgevUfnWP8UfC+o6Do9tNdyFpZ03SR5JMa56n1r6cj0G1m1aG/lQFbZQII2HAfJy31+7+VeWfHZC+sWyN9xosfqa8nEZnWxGj0R9Bgcnw+Efu6yPBvh7IF1d0/vR8H9a9HJyen1riltrXRC1wjBCX3Kv8AMfzrrbK6ju7SOeE7kcDH9a9/J8SqlPkXQ+X4kwcqVb2vRk9FH8qK9g+YCiiigAooooAKKKKAClxQBmgcUne2gCYrp9F8IPrvg3U72MAXUTYg3DhgMbufpurnrSB7u7t7ePhpZFj/ABJxmvorRNKh0zQYdNQZiWMq5HVt3X9TXiZ1iXTgqcXqz6nhnB+0quu9kfKjRmPMcnVDtPoCKSwffqKiKNJuq4zuA+o9a7/x74AvNLvpbqxAuLSVyVyRvTPt6fhW98KvAiRrHql2ASwO2MdiT+lfHznzSsfoCaSNz4d+DrfTbKK/vo99y6Lwy5x9K9BEe9gZAAq8qtOSPYAxGTjgAcCn/r71VrEuSewHtntXlHxzsC1na3wB+T5SfTJ4/nXq461zfxDghufBeqi4wAtu7r/vAEr+oFOzlohXtqz4t8W3n2i/EK42Qjkj+9Wl4D1VoLj7HMwEcmSuTwD1rlLrcLiTfnO459zW1pOhXU0C3W7ynU7kU98V6eFrPDSizysdhljKUqbPUx7UY4zVHRrxryzUzDbOg2vj1HH69avZ7V9nTmqqUobM/NK9GVGbpy3QlFFFXdPYxfkFFFFABRRRQAoOKSindRmi9mPY634W2QuvFcUzLujtkaVvyIH6163e61HbQMzKEOcAucDk15Z8Kmu7HWpXngkFnqEDRwTAZU7ckjjvkEVc1Se58V/E5NBtpPL0qzVZZiODIQgyPzOPwr4LOq0p120fqPDuHVHCpSW+rN7xneoPC2p3ltKkkoRWUluGO5ePyz+VeR6b4g8SKwuLS1nIPIZI2ZefTHFe46rpdjBbT2JRZLbK7QfX0/nUumWNtcXMFuiJFaJGAiKNuSABXhczTt1Po4048vPbQ5DwJ4v8QfbJo/ENpK1q43RTFQGTn7uB9fTtXY3WvosEk32u1t7eIbmIcFwB1yM/0pNesba1J8iUF2PKHnFedeOtCN5p80tluWfYQ6hsCQd/xpOvKMuWRosNGpHmgj0T4e65Lr+iz3kqYX7QyR+pQBcH9TVP4u3JtfA14VHzyMi/+PjP6VT+HN9Dp/g2wtIvKkmjjJlYtgBu+RnI4x1rF8X69/wlfgnVPscQdLW8jt1dcjzG3IeM/wC9ivSoTTkjzK8ZJNHgc3hppNUOoNGws8g7scF61gBtCgcH07V7Z4i8JJafDOCKNP38Cec57kk55+mcfhXgOt6qmmR7eGnP3V9PrWs26krEU1yRuaVpN9m1BS2RFPw2eAG7fyNbvrkfSvL7TxDLIzR33+rJ3AqOVNei6Rdi+0+KYNnK8/XvX0+S15cjpS3R8PxJhVGp7eHXct0UGivdsloj5QKKKKACiiigApGbapJOABk04daiuQTbSAdSpqZ3toXTtzK59EeG7BbHwjY28YjJihMiHGQGJLcfnXnXhizvLDxfrt3dFPtTSAh4/u4Krj9OvvXQfCLxLHquiLpdzKRfQKwXJ+8nr9ev5VRk8WeE9IvJrHWJbuK9jlYyyNyvPKn73oR2r83x1OUptdbn7JltSnTpxbWljckdriLe3OGy3ufX+lOeYwGHy2YOgyCPeqlvq+iahbs+ialHeCQ8hQQQPfNIutaXaSsmtM8YjGQwHBryfZzUuV7ntqonDn+z2HyO8shdzvc9TWP4jLLZovzjc2c8io9R+K+hW7mPRdMlnZPvSSRqox7HJNc/q3xNi1iNIbi0SOMtnawGRn0rVYXlleTMljnLSKsjK1mC4S2uLjT5XR5EKSKjbN4x7fX8a7r4Z2lvYeCDba3EYvMuBdMWIwcFcZ59VrirqUXEGY9yxtkAstQWmp6r4k1DSfDylmgDhpefvqGyd3qAB0NawfLKyOfERT1Z7t4rure28KX1xOw+zrbkgnvx8o/PFfCuuzm61a6nbPzSMVGegz0r6e+NmtGK2tdCtnPlpEpmAP5D+Rr5Z1D/AI/J8Do5A/OvYp0+WPMzxalTmlyxIVIB5zz616F8PbkyWtxbsfuMGUexzXnjcY8zIJ7EV2vw45muuf4Vr1ctly17I8bPYKWEk+p3lJRRX1J+ehRRRQAUUUUAFHail7VLV16FR0aZnaVez6ddR3dpI0UsTEqwOD9M+/St2S/03XfEmn3WpWiTai8TRTIFBHAYhwPUAD8c1fXwxJq3hL+0dNCvPZs0U0QGWKj5s/X5vyrk/DIVPiJo3m4DMXjXPQNsfr/Kvi8fGMruPxI/T8rm+WHN8MjvodF0M2pl0aWSLWI2DiWNAgAzyHweeK0dds01a1hS4JKhtze/Harmog24ZG4O7BUf3s8/1pu5doQjp1zzivlKlaVSTk+h9zhsNCjT5E7lOHQdG07SfKt4JxudnkdVDmTP8J5HFV7vQdF1q7s2GhwW6Wq5MnlqHlbj27Y/Wty3Q7SB9zr8vSul8P6H9sxLM4WLPIXktn+VaxrzqrlZzVcNQoP28jkPE0K/2XudANvCEDr9Paqnw2ax0nT9e1+dQZ7dzBGSPRFIH5tWp8YLyC1ntbSHGIIi7Kp9f/1V54Jbp/C9hpdsDJLqEzXeE5JGQgH4GMmu7CYdc6TPPx2K5qXNFWMjWLq41zVp5yrSXFw/Azk+gFctbeHo7S8ma7UPdeYdysMhTnpXvXh/winhfQbjVdUwb90IRcYEQI/meeffFeR3kvm31xJ2aRjn8a78RV53yLoeZh6PKuZ9TE13S476wYIAsy8ggVF8N4tqXbMMMGVf51s44PpTvC8Kxw3Trxvnft6Ma9LJk5V7nkcSNQwtu5tUUZzRX1p+cBRRRQAUUUUAKtJ3opfejuhrQ6vwD4rj8NX7xXwzZ3H8QH+rbpk/XAFavxT8MaLrOkwa/ozKtxFIkqyQOCCwOefevO7iPzYWXoSPlrGuNXvLCwna0meMgbHjblT7f1r5rNsF73tIdT7jh/ME6Soz6HqGm3LeJ/DxCTCHUISSzdfnB5J9jz+dcrDYeIrvVlS91KOytEfiWOQYb25NcJ4d8WRNdSQ3y7VmGyQKSA47D1HIBz7V0K+HNPmZZoRq0kZ+YxoSyL6fw5/Wvi6tL2bbkfotDEe1S5We4JGBGgVt3GAeua1fD94bK7JOFiI+fnjjv+FeWeCtEQys0hu44Y+VSXIJ/OrPjTxzZ6Jvit3SS6wVCJk9e/4VjQj+90OjFO9K0jB8aPJqXiNbGCRpbm9k8sbeSCxx+Ve3+DvCNn4ftoyP313twZGHT2Hp/wDXryH4IWcU+pXvivX5o4Ybf5ITIwCs2CT+IyK9C1r4raNZMws1lvCB1X5V/MjmvZjTne6Pn6lWK92T2Knxh1cRQRWMZALDLDPb/IrxCQ5kb6//AF6Z46+JP9sa1PcJaFQAEUM2cD/Oa4q68U3024RrHECeCFOen1pqlK9yY1I2OuvrmK1t2llYKOgBOM1peG1xo9sx6yLvP4815NLPJcThp3Z2J5Zjj9K9j0tAthbIvRYlx+VfQ5HScZSkfI8UV+anGJYoo7D6UV9Jax8SwooooAKKKKACnfw02lfgEnoOtHRtjSu0h0au5EcaFpHICr6knAH1rvf+FPxXmjBnuJI76dMyo5+T26DPTFee6FqiWfiCyvLlC1vBKG2dc+9fSGia/putWgnsLkOFGWXoyfUV8xm+Lk2oQ2Pucgy5Qi6lTd9D4w+JHgu+8Ia7JbTLuhGCkinIwQD25/Ouh+GXje402KW3dROAufLccnHpXa/Fa8j1TxFdZCyJ90jHYcf0rxGUPpuvstmGbrsUDqDzXgSSrRtI+rg5UZXien658WZ7+2kg0m1S1JyC79f51w9jZ32s322GGe6uJDnCDcefTFbPw58DJr9vqTXk0kFxF5exUwwy27rn6V9EfCbwDb+C9Me51B421GYDfIxGIwOgyeAeT0rnpwjCXunZWqylHml1PONN8C+Krqxgt/sjRWsSgAPIig/UZz+dVfFPw+17StOaRoEcbSfldf8AGvb9U8c+H9OYrPqEZccbEQt+oFcF40+IWkasv2XT7l2kKH5ShH9K9B1ZqN0jyvZRk7t6ny/q9lc2l0y3ELIQec8/rWazKoOScg9zXqeqSQtukuVVxnhWGSTXnmt+bNes8lssKg4RUQDI9eKmNa61KlQstCnao01ygAzuYACvarePyLeKMclQFry3whbLPrkPn/KiZJ3cZr1SOWNziN1Y+xr6bKOVRld7nxnEkpe0jG2iHUU4rjpTa9rY+UCiiigAooooAKqalIQoRerfeq32NZk7eZcO3boPwrkxtX2dPQ9PKsOq9dc2yGgcdx9aaviK48OyrPZzyRu5EbBTjcp4Ix+v4UO2FJP3eprkNQ36rqR5xBCcn3xXzFeS5W5H3mHhJySidbqF+13dExBpZnGdqdfqTVzRfBn2i5a+1a5htt4Gc7iy+3ArtvhnoENtoIvJEBnueScc7QcD+Qro77TElhZNoCt3xXzFXFNSaifX0MCnFORP4ZtNB8J6fJebFFuqhi/3jIe2PU9etcL4y8d6j4ikMas1tYAkLEjYyPfHWq3jPT30uGxtxcO1u5divYEYx+WTXNdOvp+Ve1ltGLp+1keDmtaUazpx6DJGEcbueQOcYrD0a7E2o3js2QkY5PUHnP6VY8SXX2azIB5INc54OiuL7W1t4txEzCN/x/8A11vi5KNPQ5sDBymkz0HSvBup69Et4phitWPyec5BI6cYB/WuhtPhrbJze3bS56qFx+Ga9Hs7VLeyggUcRoF/SnPHt9xXzDxU7vlPsIYWCiro46DwlpFoAsNjCSOMuu8/rXP+I/CbRMbzR9kMo5MWTtce1ektHknis66GeD1FOhi61GopqReIy+jXi6cop3PMdNu/tSEMrRzIdrqexq5j0/Gq1ynla/IEXiUMWP0I/wAasg+n1r9OyvFPFYZVJbn4bn2BWBxkqMNhKKVaK7JS5XY8h6OwlFFFaCAkAEntzWPF/qwG65zWpc5NvIF67Tis1cYz7ZFeVmT+FH0mQRu5FDV5fLtSinDvwv071zWlXfmTeVChMav80nXOO1al7G+ragbaMlV4DyDsvf8AwrorGxt7OBY4IgoXv3r4zG4q8uVH6ZlmAtHnkja07xnqqQRwwRxxwRIEXKYJxVefx3r0cp2W/mYPHJx/Kq3P19jSY+lePZN3se/srDdT8S3+uzWy38KxlFbGB3OP8Kr/AMPHNSXSBoxhfmVgRUaNkZ9eBX0OVzTpuB8nnVJxq+0XU4zxlcbplQHoK9K+BVhpjW5umuLd7/cVWIOC3TqfwNeOeLJ9142CcHIzWDHLJE4aMsjDnOeRjuKzxrcvcubZXSSSm0fcbBufl59O9QRt5qv3KNtavmjwb8WNZ0No4b8rfWYOCspIdV9j/wDWr2/wx450jXruAWUwD3Me7y2YZVh1B/Kvn54eVO7Poo1lLY6fnNUtRjHku+ea1SMge9Z2tJixcrWcHd2ZtJ2jdHlmqLs1YNnjLL+JIp3p9Ki1Fz/ascTgjdvcfgR/jUtfpXDy/wBjXqfjHF7X1927IOlFBor6BRi1dnzKSauxKKKKgzA8qR7Vz11MY7MsPTFFFeRmvwJn0/DX8Rr0LOm2iWkOUyXblmPernbjp6UUV+dz1k7n7DS0ppIKKKKSRdwUZY59Ko52h19BmiivSyv+KeNni/cxZwEemLrGuywzSMsaHJC9SK3/ABVo+n2WiMY4MMuAGU8n60UVOKb9uzXApeyPOMnkrgAHGK2fBtzLaeKdOeFip85Rx6HrRRRUScdTSLtI+y1O5QTVDXATp7EHHIooryLe+d7b5Dy/xMdusWWOpST/ANlplFFfo+Qf7p8z8c4s/wB/fohKKKK+hjsfOR2P/9k=\" />哈哈哈哈</p>\n<pre class=\"language-java\"><code>import org.junit.Test;\n\n/**\n * @author hwb\n * @create 2022-03-20\n */\npublic class Test1 {\n\n    @Test\n    public void test() {\n        System.out.println(uniquePaths(3, 3));\n    }\n\n    public int uniquePaths(int m, int n) {\n        int[][] dp = new int[m][n];\n        for (int i = 0; i &lt; m; i++) {\n            for (int j = 0; j &lt; n; j++) {\n                if (i == 0 || j == 0) {\n                    dp[i][j] = 1;\n                } else {\n                    dp[i][j] = dp[i - 1][j] + dp[i][j - 1];\n                }\n            }\n        }\n        return dp[m - 1][n - 1];\n    }\n\n}</code></pre>', NULL, 'admin', '2022-04-18 20:36:47', 'admin', '2022-04-19 15:48:41', b'0');

-- ----------------------------
-- Table structure for permission
-- ----------------------------
DROP TABLE IF EXISTS `permission`;
CREATE TABLE `permission`  (
  `id` bigint(20) UNSIGNED NOT NULL AUTO_INCREMENT COMMENT '权限id',
  `name` varchar(50) CHARACTER SET utf8mb4 COLLATE utf8mb4_general_ci NOT NULL COMMENT '权限名称',
  `code` varchar(64) CHARACTER SET utf8mb4 COLLATE utf8mb4_general_ci NOT NULL COMMENT '权限标识',
  `parent_id` bigint(20) NOT NULL COMMENT '父权限id',
  PRIMARY KEY (`id`) USING BTREE
) ENGINE = InnoDB AUTO_INCREMENT = 118 CHARACTER SET = utf8mb4 COLLATE = utf8mb4_general_ci COMMENT = '权限表' ROW_FORMAT = Dynamic;

-- ----------------------------
-- Records of permission
-- ----------------------------
INSERT INTO `permission` VALUES (1, '管理中心', 'manage', 0);
INSERT INTO `permission` VALUES (2, '员工管理', 'manage:employee:list', 1);
INSERT INTO `permission` VALUES (3, '查询员工', 'manage:employee:query', 2);
INSERT INTO `permission` VALUES (4, '新增员工', 'manage:employee:add', 2);
INSERT INTO `permission` VALUES (5, '修改员工', 'manage:employee:update', 2);
INSERT INTO `permission` VALUES (6, '删除员工', 'manage:employee:delete', 2);
INSERT INTO `permission` VALUES (7, '导入员工', 'manage:employee:import', 2);
INSERT INTO `permission` VALUES (8, '导出员工', 'manage:employee:export', 2);
INSERT INTO `permission` VALUES (9, '重置密码', 'manage:employee:reset-password', 2);
INSERT INTO `permission` VALUES (10, '员工角色分配', 'manage:employee:assign-role', 2);
INSERT INTO `permission` VALUES (11, '部门管理', 'manage:department:list', 1);
INSERT INTO `permission` VALUES (12, '查询部门', 'manage:department:query', 11);
INSERT INTO `permission` VALUES (13, '新增部门', 'manage:department:add', 11);
INSERT INTO `permission` VALUES (14, '修改部门', 'manage:department:update', 11);
INSERT INTO `permission` VALUES (15, '删除部门', 'manage:department:delete', 11);
INSERT INTO `permission` VALUES (16, '职位管理', 'manage:position:list', 1);
INSERT INTO `permission` VALUES (17, '查询职位', 'manage:position:query', 16);
INSERT INTO `permission` VALUES (18, '新增职位', 'manage:position:add', 16);
INSERT INTO `permission` VALUES (19, '修改职位', 'manage:position:update', 16);
INSERT INTO `permission` VALUES (20, '删除职位', 'manage:position:delete', 16);
INSERT INTO `permission` VALUES (21, '导出职位', 'manage:position:export', 16);
INSERT INTO `permission` VALUES (22, '角色管理', 'manage:role:list', 1);
INSERT INTO `permission` VALUES (23, '查询角色', 'manage:role:query', 22);
INSERT INTO `permission` VALUES (24, '新增角色', 'manage:role:add', 22);
INSERT INTO `permission` VALUES (25, '修改角色', 'manage:role:update', 22);
INSERT INTO `permission` VALUES (26, '删除角色', 'manage:role:delete', 22);
INSERT INTO `permission` VALUES (27, '导出角色', 'manage:role:export', 22);
INSERT INTO `permission` VALUES (28, '分配角色菜单权限', 'manage:role:assign-role-menu', 22);
INSERT INTO `permission` VALUES (29, '文件中心', 'file', 0);
INSERT INTO `permission` VALUES (30, '个人文件', 'file:personal:list', 29);
INSERT INTO `permission` VALUES (31, '查询文件', 'file:personal:query', 30);
INSERT INTO `permission` VALUES (32, '新增文件夹', 'file:personal:add-folder', 30);
INSERT INTO `permission` VALUES (33, '上传文件', 'file:personal:upload', 30);
INSERT INTO `permission` VALUES (34, '下载文件', 'file:personal:download', 30);
INSERT INTO `permission` VALUES (35, '重命名文件', 'file:personal:rename', 30);
INSERT INTO `permission` VALUES (36, '删除文件', 'file:personal:delete', 30);
INSERT INTO `permission` VALUES (37, '分享文件', 'file:personal:share', 30);
INSERT INTO `permission` VALUES (38, '共享文件', 'file:share:list', 29);
INSERT INTO `permission` VALUES (39, '查询文件', 'file:share:query', 38);
INSERT INTO `permission` VALUES (40, '新增文件夹', 'file:share:add-folder', 38);
INSERT INTO `permission` VALUES (41, '上传文件', 'file:share:upload', 38);
INSERT INTO `permission` VALUES (42, '下载文件', 'file:share:download', 38);
INSERT INTO `permission` VALUES (43, '重命名文件', 'file:share:rename', 38);
INSERT INTO `permission` VALUES (44, '删除文件', 'file:share:delete', 38);
INSERT INTO `permission` VALUES (45, '回收站', 'file:recycle-bin:list', 29);
INSERT INTO `permission` VALUES (46, '查询文件', 'file:recycle-bin:query', 45);
INSERT INTO `permission` VALUES (47, '恢复文件', 'file:recycle-bin:recovery', 45);
INSERT INTO `permission` VALUES (48, '彻底删除文件', 'file:recycle-bin:throughly-delete', 45);
INSERT INTO `permission` VALUES (49, '工作文档', 'work-log', 0);
INSERT INTO `permission` VALUES (50, '我的文档', 'work-log:send:list', 49);
INSERT INTO `permission` VALUES (51, '查询文档', 'work-log:send:query', 50);
INSERT INTO `permission` VALUES (52, '新增文档', 'work-log:send:add', 50);
INSERT INTO `permission` VALUES (53, '修改文档', 'work-log:send:update', 50);
INSERT INTO `permission` VALUES (54, '发送文档', 'work-log:send:send', 50);
INSERT INTO `permission` VALUES (55, '评阅文档', 'work-log:receive:list', 49);
INSERT INTO `permission` VALUES (56, '查询文档', 'work-log:receive:query', 55);
INSERT INTO `permission` VALUES (57, '标记已读', 'work-log:receive:read', 55);
INSERT INTO `permission` VALUES (58, '评论文档', 'work-log:receive:comment', 55);
INSERT INTO `permission` VALUES (59, '会议中心', 'conference', 0);
INSERT INTO `permission` VALUES (60, '设备管理', 'conference:equipment:list', 59);
INSERT INTO `permission` VALUES (61, '查询设备', 'conference:equipment:query', 60);
INSERT INTO `permission` VALUES (62, '新增设备', 'conference:equipment:add', 60);
INSERT INTO `permission` VALUES (63, '修改设备', 'conference:equipment:update', 60);
INSERT INTO `permission` VALUES (64, '删除设备', 'conference:equipment:delete', 60);
INSERT INTO `permission` VALUES (65, '会议室管理', 'conference:room:list', 59);
INSERT INTO `permission` VALUES (66, '查询会议室', 'conference:room:query', 65);
INSERT INTO `permission` VALUES (67, '新增会议室', 'conference:room:add', 65);
INSERT INTO `permission` VALUES (68, '修改会议室', 'conference:room:update', 65);
INSERT INTO `permission` VALUES (69, '删除会议室', 'conference:room:delete', 65);
INSERT INTO `permission` VALUES (70, '会议预订', 'conference:reservation', 59);
INSERT INTO `permission` VALUES (71, '会议列表', 'conference:list:list', 59);
INSERT INTO `permission` VALUES (72, '查询会议', 'conference:list:query', 71);
INSERT INTO `permission` VALUES (73, '取消会议', 'conference:list:cancel', 71);
INSERT INTO `permission` VALUES (74, '公文中心', 'missive', 0);
INSERT INTO `permission` VALUES (75, '发文管理', 'missive:send', 74);
INSERT INTO `permission` VALUES (76, '撰写公文', 'missive:send:write', 75);
INSERT INTO `permission` VALUES (77, '修改公文', 'missive:send:update', 75);
INSERT INTO `permission` VALUES (78, '删除公文', 'missive:send:delete', 75);
INSERT INTO `permission` VALUES (79, '收文管理', 'missive:receive:list', 74);
INSERT INTO `permission` VALUES (80, '查询公文', 'missive:receive:query', 79);
INSERT INTO `permission` VALUES (81, '查看公文', 'missive:receive:check', 79);
INSERT INTO `permission` VALUES (82, '流程管理', 'workflow', 0);
INSERT INTO `permission` VALUES (83, '流程分类', 'workflow:category:list', 82);
INSERT INTO `permission` VALUES (84, '查询分类', 'workflow:category:query', 83);
INSERT INTO `permission` VALUES (85, '新增分类', 'workflow:category:add', 83);
INSERT INTO `permission` VALUES (86, '修改分类', 'workflow:category:update', 83);
INSERT INTO `permission` VALUES (87, '删除分类', 'workflow:category:delete', 83);
INSERT INTO `permission` VALUES (88, '表单配置', 'workflow:form:list', 82);
INSERT INTO `permission` VALUES (89, '查询表单', 'workflow:form:query', 88);
INSERT INTO `permission` VALUES (90, '新增表单', 'workflow:form:add', 88);
INSERT INTO `permission` VALUES (91, '修改表单', 'workflow:form:update', 88);
INSERT INTO `permission` VALUES (92, '删除表单', 'workflow:form:delete', 88);
INSERT INTO `permission` VALUES (93, '流程定义', 'workflow:definition:list', 82);
INSERT INTO `permission` VALUES (94, '查询流程', 'workflow:definition:query', 93);
INSERT INTO `permission` VALUES (95, '新增流程', 'workflow:definition:add', 93);
INSERT INTO `permission` VALUES (96, '修改流程', 'workflow:definition:update', 93);
INSERT INTO `permission` VALUES (97, '删除流程', 'workflow:definition:delete', 93);
INSERT INTO `permission` VALUES (98, '配置表单', 'workflow:definition:set-form', 93);
INSERT INTO `permission` VALUES (99, '版本管理', 'workflow:definition:manage-version', 93);
INSERT INTO `permission` VALUES (100, '导入流程', 'workflow:definition:import', 93);
INSERT INTO `permission` VALUES (101, '导出流程', 'workflow:definition:export', 93);
INSERT INTO `permission` VALUES (102, '办公管理', 'task', 0);
INSERT INTO `permission` VALUES (103, '新建流程', 'task:start:list', 102);
INSERT INTO `permission` VALUES (104, '查询流程', 'task:start:query', 103);
INSERT INTO `permission` VALUES (105, '发起流程', 'task:start:initiate', 103);
INSERT INTO `permission` VALUES (106, '我的流程', 'task:process:list', 102);
INSERT INTO `permission` VALUES (107, '查询流程', 'task:process:query', 106);
INSERT INTO `permission` VALUES (108, '查看流程', 'task:process:check', 106);
INSERT INTO `permission` VALUES (109, '取消流程', 'task:process:cancel', 106);
INSERT INTO `permission` VALUES (110, '删除流程', 'task:process:delete', 106);
INSERT INTO `permission` VALUES (111, '待办任务', 'task:todo:list', 102);
INSERT INTO `permission` VALUES (112, '查询任务', 'task:todo:query', 111);
INSERT INTO `permission` VALUES (113, '处理任务', 'task:todo:process', 111);
INSERT INTO `permission` VALUES (114, '已办任务', 'task:finished:list', 102);
INSERT INTO `permission` VALUES (115, '查询任务', 'task:finished:query', 114);
INSERT INTO `permission` VALUES (116, '流转记录', 'task:finished:flow-record', 114);
INSERT INTO `permission` VALUES (117, '撤回任务', 'task:finished:revoke', 114);

-- ----------------------------
-- Table structure for position
-- ----------------------------
DROP TABLE IF EXISTS `position`;
CREATE TABLE `position`  (
  `id` bigint(20) NOT NULL AUTO_INCREMENT COMMENT '职位ID',
  `code` varchar(64) CHARACTER SET utf8mb4 COLLATE utf8mb4_unicode_ci NOT NULL COMMENT '职位编码',
  `name` varchar(50) CHARACTER SET utf8mb4 COLLATE utf8mb4_unicode_ci NOT NULL COMMENT '职位名称',
  `sort` int(11) NOT NULL COMMENT '显示顺序',
  `status` tinyint(1) NOT NULL DEFAULT 0 COMMENT '状态（0正常 1停用）',
  `remark` varchar(500) CHARACTER SET utf8mb4 COLLATE utf8mb4_unicode_ci NULL DEFAULT NULL COMMENT '备注',
  `creator` varchar(64) CHARACTER SET utf8mb4 COLLATE utf8mb4_unicode_ci NULL DEFAULT '' COMMENT '创建者',
  `create_time` datetime NOT NULL DEFAULT CURRENT_TIMESTAMP COMMENT '创建时间',
  `updater` varchar(64) CHARACTER SET utf8mb4 COLLATE utf8mb4_unicode_ci NULL DEFAULT '' COMMENT '更新者',
  `update_time` datetime NOT NULL DEFAULT CURRENT_TIMESTAMP ON UPDATE CURRENT_TIMESTAMP COMMENT '更新时间',
  `is_deleted` bit(1) NOT NULL DEFAULT b'0' COMMENT '是否删除',
  PRIMARY KEY (`id`) USING BTREE
) ENGINE = InnoDB AUTO_INCREMENT = 13 CHARACTER SET = utf8mb4 COLLATE = utf8mb4_unicode_ci COMMENT = '岗位信息表' ROW_FORMAT = Dynamic;

-- ----------------------------
-- Records of position
-- ----------------------------
INSERT INTO `position` VALUES (1, 'ceo', '董事长', 1, 0, '', 'admin', '2021-01-05 17:03:48', '1', '2022-02-04 17:50:40', b'0');
INSERT INTO `position` VALUES (2, 'se', '项目经理', 2, 0, '', 'admin', '2021-01-05 17:03:48', '1', '2021-12-12 10:47:47', b'0');
INSERT INTO `position` VALUES (3, 'hr', '人力资源', 3, 0, '', 'admin', '2021-01-05 17:03:48', '', '2021-12-12 10:47:50', b'0');
INSERT INTO `position` VALUES (4, 'user', '普通员工', 4, 0, '', 'admin', '2021-01-05 17:03:48', '', '2021-12-12 10:47:51', b'0');
INSERT INTO `position` VALUES (5, 'test1', '测试岗位1', 5, 1, '123', 'admin', '2021-01-07 15:07:44', 'admin', '2022-03-28 23:34:58', b'1');
INSERT INTO `position` VALUES (6, 'shareholder', '股东', 5, 1, '股票持有者', 'admin', '2022-04-06 16:28:52', 'admin', '2022-04-11 12:05:23', b'0');
INSERT INTO `position` VALUES (7, 'Java', 'Java工程师', 7, 0, NULL, 'admin', '2022-04-06 16:29:02', 'admin', '2022-04-14 16:10:49', b'0');
INSERT INTO `position` VALUES (8, 'test', '测试', 8, 1, NULL, 'admin', '2022-04-06 16:29:08', 'admin', '2022-05-28 15:46:27', b'0');
INSERT INTO `position` VALUES (9, '9', '9', 9, 1, NULL, 'admin', '2022-04-06 16:29:13', 'admin', '2022-04-06 16:29:13', b'0');
INSERT INTO `position` VALUES (10, '10', '10', 10, 1, NULL, 'admin', '2022-04-06 16:29:21', 'admin', '2022-04-06 16:29:21', b'0');
INSERT INTO `position` VALUES (11, '11', '11', 11, 1, NULL, 'admin', '2022-04-06 16:29:27', 'admin', '2022-04-06 16:29:27', b'0');
INSERT INTO `position` VALUES (12, '12', '12', 12, 1, NULL, 'admin', '2022-04-06 16:29:33', 'admin', '2022-04-06 16:29:33', b'0');

-- ----------------------------
-- Table structure for recycle_file
-- ----------------------------
DROP TABLE IF EXISTS `recycle_file`;
CREATE TABLE `recycle_file`  (
  `id` bigint(20) UNSIGNED NOT NULL AUTO_INCREMENT COMMENT '自增id',
  `emp_id` bigint(20) NOT NULL COMMENT '员工id',
  `file_id` bigint(20) NOT NULL COMMENT '文件id',
  `deleted_time` datetime NOT NULL COMMENT '删除时间',
  `deleted_batch_num` varchar(50) CHARACTER SET utf8mb4 COLLATE utf8mb4_general_ci NOT NULL COMMENT '删除批次号',
  PRIMARY KEY (`id`) USING BTREE
) ENGINE = InnoDB AUTO_INCREMENT = 2 CHARACTER SET = utf8mb4 COLLATE = utf8mb4_general_ci COMMENT = '回收站' ROW_FORMAT = Dynamic;

-- ----------------------------
-- Records of recycle_file
-- ----------------------------
INSERT INTO `recycle_file` VALUES (1, 1, 88, '2022-05-26 20:38:39', '8e143bf5-8ce8-49f0-98b4-f696803b8aaf');

-- ----------------------------
-- Table structure for role
-- ----------------------------
DROP TABLE IF EXISTS `role`;
CREATE TABLE `role`  (
  `id` bigint(20) UNSIGNED NOT NULL AUTO_INCREMENT COMMENT '角色Id',
  `name` varchar(50) CHARACTER SET utf8mb4 COLLATE utf8mb4_general_ci NOT NULL COMMENT '角色名称',
  `code` varchar(64) CHARACTER SET utf8mb4 COLLATE utf8mb4_general_ci NOT NULL COMMENT '角色权限字符串',
  `sort` int(11) NOT NULL COMMENT '显示顺序',
  `remark` varchar(500) CHARACTER SET utf8mb4 COLLATE utf8mb4_general_ci NULL DEFAULT NULL COMMENT '备注',
  `status` tinyint(1) NOT NULL DEFAULT 0 COMMENT '角色状态（0正常 1停用）',
  `type` tinyint(1) NOT NULL DEFAULT 1 COMMENT '角色类型（0内置 1自定义）',
  `creator` varchar(64) CHARACTER SET utf8mb4 COLLATE utf8mb4_general_ci NOT NULL COMMENT '创建者',
  `create_time` datetime NOT NULL DEFAULT CURRENT_TIMESTAMP COMMENT '创建时间',
  `updater` varchar(64) CHARACTER SET utf8mb4 COLLATE utf8mb4_general_ci NULL DEFAULT NULL COMMENT '更新者',
  `update_time` datetime NULL DEFAULT CURRENT_TIMESTAMP ON UPDATE CURRENT_TIMESTAMP COMMENT '修改时间',
  `is_deleted` bit(1) NOT NULL DEFAULT b'0' COMMENT '是否删除 0未删除，1已删除',
  PRIMARY KEY (`id`) USING BTREE,
  UNIQUE INDEX `name`(`name`) USING BTREE
) ENGINE = InnoDB AUTO_INCREMENT = 5 CHARACTER SET = utf8mb4 COLLATE = utf8mb4_general_ci COMMENT = '角色表' ROW_FORMAT = Dynamic;

-- ----------------------------
-- Records of role
-- ----------------------------
INSERT INTO `role` VALUES (1, '超级管理员', 'admin', 1, NULL, 0, 0, 'admin', '2019-07-01 00:00:00', 'admin', '2022-03-30 14:45:19', b'0');
INSERT INTO `role` VALUES (2, '普通用户', 'user', 2, NULL, 0, 0, 'admin', '2019-07-01 00:00:00', 'admin', '2022-03-30 14:45:21', b'0');
INSERT INTO `role` VALUES (3, '测试', 'test', 3, NULL, 0, 1, 'admin', '2019-07-01 00:00:00', 'admin', '2022-03-31 16:12:03', b'0');
INSERT INTO `role` VALUES (4, '法外狂徒', 'invalidOrValid', 4, '张三之流', 0, 1, 'admin', '2022-03-30 14:01:57', 'admin', '2022-03-30 16:14:47', b'1');

-- ----------------------------
-- Table structure for role_permission
-- ----------------------------
DROP TABLE IF EXISTS `role_permission`;
CREATE TABLE `role_permission`  (
  `id` bigint(20) UNSIGNED NOT NULL AUTO_INCREMENT COMMENT '自增编号',
  `role_id` bigint(20) UNSIGNED NOT NULL COMMENT '角色Id',
  `permission_id` bigint(20) UNSIGNED NOT NULL COMMENT '权限Id',
  PRIMARY KEY (`id`) USING BTREE,
  INDEX `permission_id`(`permission_id`) USING BTREE
) ENGINE = InnoDB AUTO_INCREMENT = 10 CHARACTER SET = utf8mb4 COLLATE = utf8mb4_general_ci COMMENT = '角色权限表' ROW_FORMAT = Dynamic;

-- ----------------------------
-- Records of role_permission
-- ----------------------------
INSERT INTO `role_permission` VALUES (1, 3, 1);
INSERT INTO `role_permission` VALUES (2, 3, 2);
INSERT INTO `role_permission` VALUES (3, 3, 16);
INSERT INTO `role_permission` VALUES (4, 3, 17);
INSERT INTO `role_permission` VALUES (5, 3, 3);
INSERT INTO `role_permission` VALUES (6, 3, 22);
INSERT INTO `role_permission` VALUES (7, 3, 23);
INSERT INTO `role_permission` VALUES (8, 3, 11);
INSERT INTO `role_permission` VALUES (9, 3, 12);

-- ----------------------------
-- Table structure for work_log
-- ----------------------------
DROP TABLE IF EXISTS `work_log`;
CREATE TABLE `work_log`  (
  `id` bigint(20) NOT NULL AUTO_INCREMENT COMMENT '自增id',
  `type` tinyint(1) NOT NULL COMMENT '日志类型（1日报，2周报，3月报）',
  `title` varchar(64) CHARACTER SET utf8mb4 COLLATE utf8mb4_general_ci NULL DEFAULT NULL COMMENT '日志标题',
  `today_content` text CHARACTER SET utf8mb4 COLLATE utf8mb4_general_ci NULL COMMENT '今日工作内容',
  `tomorrow_content` varchar(1000) CHARACTER SET utf8mb4 COLLATE utf8mb4_general_ci NULL DEFAULT NULL COMMENT '明日工作内容',
  `question` varchar(1000) CHARACTER SET utf8mb4 COLLATE utf8mb4_general_ci NULL DEFAULT NULL COMMENT '遇到的问题',
  `create_emp_id` bigint(20) NOT NULL COMMENT '创建人id',
  `create_time` datetime NOT NULL COMMENT '创建时间',
  `update_time` datetime NULL DEFAULT NULL COMMENT '更新时间',
  PRIMARY KEY (`id`) USING BTREE
) ENGINE = InnoDB AUTO_INCREMENT = 7 CHARACTER SET = utf8mb4 COLLATE = utf8mb4_general_ci ROW_FORMAT = Dynamic;

-- ----------------------------
-- Records of work_log
-- ----------------------------
INSERT INTO `work_log` VALUES (1, 1, '2022-04-10', '完善文件中心', '日志中心 + 公告', '内存不足', 1, '2022-04-10 23:05:18', '2022-05-08 22:14:56');
INSERT INTO `work_log` VALUES (2, 1, '2022-04-12新增websocket用作消息通知', '1、前端引入了全局websocket接收后端通知；\n2、后端新增websocket给客户端发送消息通知；\n3、完事工作日志模块功能。', '考虑公告功能设计与实现。', '有些时候后端发送消息，前端却未收到消息。。。', 1, '2022-04-12 16:28:37', '2022-04-12 16:29:25');
INSERT INTO `work_log` VALUES (4, 1, '2022-04-12hhhhh', 'hhhhh', 'hhhhh', 'hhhhh', 1, '2022-04-12 16:42:19', '2022-04-12 16:44:11');
INSERT INTO `work_log` VALUES (5, 1, '2022-04-13会议室模块', '会议室增删改查', '会议室预定', '暂无', 1, '2022-04-13 15:58:54', NULL);
INSERT INTO `work_log` VALUES (6, 1, '2022-05-08日报测试', '躺。', '睡觉。', '无。', 29, '2022-05-08 14:47:37', NULL);

-- ----------------------------
-- Table structure for work_log_send
-- ----------------------------
DROP TABLE IF EXISTS `work_log_send`;
CREATE TABLE `work_log_send`  (
  `id` bigint(20) NOT NULL AUTO_INCREMENT COMMENT '自增id',
  `log_id` bigint(20) NOT NULL COMMENT '日志id',
  `send_emp_id` bigint(20) NOT NULL COMMENT '发送人id',
  `is_read` tinyint(1) NOT NULL DEFAULT 0 COMMENT '是否已读',
  `comment` varchar(500) CHARACTER SET utf8mb4 COLLATE utf8mb4_general_ci NULL DEFAULT NULL COMMENT '评论',
  `comment_time` datetime NULL DEFAULT NULL COMMENT '评论时间',
  PRIMARY KEY (`id`) USING BTREE
) ENGINE = InnoDB AUTO_INCREMENT = 37 CHARACTER SET = utf8mb4 COLLATE = utf8mb4_general_ci COMMENT = '工作日志-发送人 关联表' ROW_FORMAT = Dynamic;

-- ----------------------------
-- Records of work_log_send
-- ----------------------------
INSERT INTO `work_log_send` VALUES (26, 2, 29, 1, NULL, NULL);
INSERT INTO `work_log_send` VALUES (31, 4, 28, 0, NULL, NULL);
INSERT INTO `work_log_send` VALUES (32, 5, 28, 1, NULL, NULL);
INSERT INTO `work_log_send` VALUES (33, 1, 27, 1, '写的不错', '2022-04-27 21:36:05');
INSERT INTO `work_log_send` VALUES (35, 1, 29, 1, '加内存吧', '2022-05-08 22:13:59');
INSERT INTO `work_log_send` VALUES (36, 6, 1, 0, NULL, NULL);

-- ----------------------------
-- Table structure for workflow_category
-- ----------------------------
DROP TABLE IF EXISTS `workflow_category`;
CREATE TABLE `workflow_category`  (
  `category_id` bigint(20) NOT NULL AUTO_INCREMENT COMMENT '流程分类id',
  `category_name` varchar(64) CHARACTER SET utf8mb4 COLLATE utf8mb4_general_ci NOT NULL DEFAULT '' COMMENT '流程分类名称',
  `code` varchar(64) CHARACTER SET utf8mb4 COLLATE utf8mb4_general_ci NOT NULL DEFAULT '' COMMENT '分类编码',
  `remark` varchar(500) CHARACTER SET utf8mb4 COLLATE utf8mb4_general_ci NULL DEFAULT '' COMMENT '备注',
  `creator` varchar(64) CHARACTER SET utf8mb4 COLLATE utf8mb4_general_ci NOT NULL DEFAULT '' COMMENT '创建者',
  `create_time` datetime NOT NULL COMMENT '创建时间',
  `updater` varchar(64) CHARACTER SET utf8mb4 COLLATE utf8mb4_general_ci NULL DEFAULT '' COMMENT '更新者',
  `update_time` datetime NULL DEFAULT NULL COMMENT '更新时间',
  `is_deleted` bit(1) NOT NULL DEFAULT b'0' COMMENT '逻辑删除',
  PRIMARY KEY (`category_id`) USING BTREE
) ENGINE = InnoDB AUTO_INCREMENT = 5 CHARACTER SET = utf8mb4 COLLATE = utf8mb4_general_ci COMMENT = '流程分类表' ROW_FORMAT = Dynamic;

-- ----------------------------
-- Records of workflow_category
-- ----------------------------
INSERT INTO `workflow_category` VALUES (1, '测试1', 'test1', '0429测试1', 'admin', '2022-04-29 15:45:21', 'admin', '2022-04-29 15:45:58', b'1');
INSERT INTO `workflow_category` VALUES (2, '测试2', 'test2', 'test2', 'admin', '2022-04-29 15:47:08', 'admin', '2022-04-29 15:47:08', b'1');
INSERT INTO `workflow_category` VALUES (3, '测试3', 'test3', 'test3', 'admin', '2022-04-29 15:47:39', 'admin', '2022-04-29 15:47:39', b'1');
INSERT INTO `workflow_category` VALUES (4, '办公', 'OA', '~', 'admin', '2022-04-30 22:57:45', 'admin', '2022-04-30 22:57:45', b'0');

-- ----------------------------
-- Table structure for workflow_deploy_form
-- ----------------------------
DROP TABLE IF EXISTS `workflow_deploy_form`;
CREATE TABLE `workflow_deploy_form`  (
  `deploy_id` varchar(64) CHARACTER SET utf8mb4 COLLATE utf8mb4_general_ci NOT NULL COMMENT '流程实例主键',
  `form_id` bigint(20) NOT NULL COMMENT '表单主键',
  PRIMARY KEY (`deploy_id`, `form_id`) USING BTREE
) ENGINE = InnoDB CHARACTER SET = utf8mb4 COLLATE = utf8mb4_general_ci COMMENT = '流程实例关联表单' ROW_FORMAT = Dynamic;

-- ----------------------------
-- Records of workflow_deploy_form
-- ----------------------------
INSERT INTO `workflow_deploy_form` VALUES ('0ef7715b-c9df-11ec-8c62-005056c00001', 4);
INSERT INTO `workflow_deploy_form` VALUES ('2e3bfb70-c91d-11ec-ba35-005056c00001', 3);
INSERT INTO `workflow_deploy_form` VALUES ('3288eebc-c91a-11ec-ba35-005056c00001', 2);
INSERT INTO `workflow_deploy_form` VALUES ('f686c482-cc50-11ec-b4ba-005056c00001', 5);

-- ----------------------------
-- Table structure for workflow_form
-- ----------------------------
DROP TABLE IF EXISTS `workflow_form`;
CREATE TABLE `workflow_form`  (
  `form_id` bigint(20) NOT NULL AUTO_INCREMENT COMMENT '表单主键id',
  `form_name` varchar(64) CHARACTER SET utf8mb4 COLLATE utf8mb4_general_ci NOT NULL DEFAULT '' COMMENT '表单名称',
  `content` longtext CHARACTER SET utf8mb4 COLLATE utf8mb4_general_ci NULL COMMENT '表单内容',
  `remark` varchar(500) CHARACTER SET utf8mb4 COLLATE utf8mb4_general_ci NULL DEFAULT NULL COMMENT '备注',
  `creator` varchar(64) CHARACTER SET utf8mb4 COLLATE utf8mb4_general_ci NOT NULL DEFAULT '' COMMENT '创建者',
  `create_time` datetime NOT NULL COMMENT '创建时间',
  `updater` varchar(64) CHARACTER SET utf8mb4 COLLATE utf8mb4_general_ci NULL DEFAULT '' COMMENT '更新者',
  `update_time` datetime NULL DEFAULT NULL COMMENT '更新时间',
  `is_deleted` bit(1) NOT NULL DEFAULT b'0' COMMENT '逻辑删除',
  PRIMARY KEY (`form_id`) USING BTREE
) ENGINE = InnoDB AUTO_INCREMENT = 6 CHARACTER SET = utf8mb4 COLLATE = utf8mb4_general_ci COMMENT = '流程表单信息表' ROW_FORMAT = Dynamic;

-- ----------------------------
-- Records of workflow_form
-- ----------------------------
INSERT INTO `workflow_form` VALUES (1, '01表单测试', '{\"formRef\":\"elForm\",\"formModel\":\"formData\",\"size\":\"medium\",\"labelPosition\":\"right\",\"labelWidth\":100,\"formRules\":\"rules\",\"gutter\":15,\"disabled\":false,\"span\":24,\"formBtns\":true,\"fields\":[{\"__config__\":{\"label\":\"01单行文本\",\"labelWidth\":null,\"showLabel\":true,\"changeTag\":true,\"tag\":\"el-input\",\"tagIcon\":\"input\",\"required\":true,\"layout\":\"colFormItem\",\"span\":24,\"document\":\"https://element.eleme.cn/#/zh-CN/component/input\",\"regList\":[],\"formId\":101,\"renderKey\":\"1011651236922800\"},\"__slot__\":{\"prepend\":\"\",\"append\":\"\"},\"placeholder\":\"请输入0101单行文本\",\"style\":{\"width\":\"100%\"},\"clearable\":true,\"prefix-icon\":\"\",\"suffix-icon\":\"\",\"maxlength\":null,\"show-word-limit\":false,\"readonly\":false,\"disabled\":false,\"__vModel__\":\"field101\"},{\"__config__\":{\"label\":\"01下拉选择\",\"showLabel\":true,\"labelWidth\":null,\"tag\":\"el-select\",\"tagIcon\":\"select\",\"layout\":\"colFormItem\",\"span\":24,\"required\":true,\"regList\":[],\"changeTag\":true,\"document\":\"https://element.eleme.cn/#/zh-CN/component/select\",\"formId\":102,\"renderKey\":\"1021651236933694\"},\"__slot__\":{\"options\":[{\"label\":\"01选项一\",\"value\":\"011\"},{\"label\":\"01选项二\",\"value\":\"012\"},{\"label\":\"01选项三\",\"value\":\"013\"}]},\"placeholder\":\"请选择01下拉选择\",\"style\":{\"width\":\"100%\"},\"clearable\":true,\"disabled\":false,\"filterable\":false,\"multiple\":false,\"__vModel__\":\"field102\"}]}', '01测试', 'admin', '2022-04-29 20:56:20', 'admin', '2022-04-29 20:56:20', b'0');
INSERT INTO `workflow_form` VALUES (2, '字典测试', '{\"formRef\":\"elForm\",\"formModel\":\"formData\",\"size\":\"medium\",\"labelPosition\":\"right\",\"labelWidth\":100,\"formRules\":\"rules\",\"gutter\":15,\"disabled\":false,\"span\":24,\"formBtns\":true,\"fields\":[{\"__config__\":{\"label\":\"下拉选项\",\"showLabel\":true,\"labelWidth\":null,\"tag\":\"el-select\",\"tagIcon\":\"select\",\"layout\":\"colFormItem\",\"span\":24,\"required\":true,\"regList\":[],\"changeTag\":true,\"document\":\"https://element.eleme.cn/#/zh-CN/component/select\",\"formId\":101,\"renderKey\":\"1011651238379226\"},\"__slot__\":{\"options\":[{\"label\":\"这是选项一\",\"value\":\"xx1\"},{\"label\":\"这是选项二\",\"value\":\"xx2\"}]},\"placeholder\":\"请选择下拉选项\",\"style\":{\"width\":\"100%\"},\"clearable\":true,\"disabled\":false,\"filterable\":false,\"multiple\":false,\"__vModel__\":\"field101\"}]}', '123', 'admin', '2022-04-29 21:20:16', 'admin', '2022-04-29 21:20:16', b'0');
INSERT INTO `workflow_form` VALUES (3, '演示表单', '{\"formRef\":\"elForm\",\"formModel\":\"formData\",\"size\":\"medium\",\"labelPosition\":\"right\",\"labelWidth\":100,\"formRules\":\"rules\",\"gutter\":15,\"disabled\":false,\"span\":24,\"formBtns\":true,\"fields\":[{\"__config__\":{\"label\":\"来者何人\",\"labelWidth\":null,\"showLabel\":true,\"changeTag\":true,\"tag\":\"el-input\",\"tagIcon\":\"input\",\"required\":true,\"layout\":\"colFormItem\",\"span\":24,\"document\":\"https://element.eleme.cn/#/zh-CN/component/input\",\"regList\":[],\"formId\":101,\"renderKey\":\"1011651388909740\"},\"__slot__\":{\"prepend\":\"\",\"append\":\"\"},\"placeholder\":\"来者何人，报上名来\",\"style\":{\"width\":\"100%\"},\"clearable\":true,\"prefix-icon\":\"\",\"suffix-icon\":\"\",\"maxlength\":null,\"show-word-limit\":false,\"readonly\":false,\"disabled\":false,\"__vModel__\":\"field101\"}]}', '演示使用', 'admin', '2022-05-01 15:09:33', 'admin', '2022-05-01 15:09:33', b'0');
INSERT INTO `workflow_form` VALUES (4, '单行文本', '{\"formRef\":\"elForm\",\"formModel\":\"formData\",\"size\":\"medium\",\"labelPosition\":\"right\",\"labelWidth\":100,\"formRules\":\"rules\",\"gutter\":15,\"disabled\":false,\"span\":24,\"formBtns\":true,\"fields\":[{\"__config__\":{\"label\":\"单行文本\",\"labelWidth\":null,\"showLabel\":true,\"changeTag\":true,\"tag\":\"el-input\",\"tagIcon\":\"input\",\"defaultValue\":\"\",\"required\":true,\"layout\":\"colFormItem\",\"span\":24,\"document\":\"https://element.eleme.cn/#/zh-CN/component/input\",\"regList\":[],\"formId\":101,\"renderKey\":\"1011651471934555\"},\"__slot__\":{\"prepend\":\"\",\"append\":\"\"},\"placeholder\":\"请输入单行文本\",\"style\":{\"width\":\"100%\"},\"clearable\":true,\"prefix-icon\":\"\",\"suffix-icon\":\"\",\"maxlength\":null,\"show-word-limit\":false,\"readonly\":false,\"disabled\":false,\"__vModel__\":\"field101\"}]}', NULL, 'admin', '2022-05-02 14:12:49', 'admin', '2022-05-02 14:12:49', b'0');
INSERT INTO `workflow_form` VALUES (5, '请假测试', '{\"formRef\":\"elForm\",\"formModel\":\"formData\",\"size\":\"medium\",\"labelPosition\":\"right\",\"labelWidth\":100,\"formRules\":\"rules\",\"gutter\":15,\"disabled\":false,\"span\":24,\"formBtns\":true,\"fields\":[{\"__config__\":{\"label\":\"请假原因\",\"labelWidth\":null,\"showLabel\":true,\"changeTag\":true,\"tag\":\"el-input\",\"tagIcon\":\"input\",\"defaultValue\":\"\",\"required\":true,\"layout\":\"colFormItem\",\"span\":24,\"document\":\"https://element.eleme.cn/#/zh-CN/component/input\",\"regList\":[],\"formId\":101,\"renderKey\":\"1011651740155836\"},\"__slot__\":{\"prepend\":\"\",\"append\":\"\"},\"placeholder\":\"请输入请假原因\",\"style\":{\"width\":\"100%\"},\"clearable\":true,\"prefix-icon\":\"\",\"suffix-icon\":\"\",\"maxlength\":null,\"show-word-limit\":false,\"readonly\":false,\"disabled\":false,\"__vModel__\":\"reason\"},{\"__config__\":{\"label\":\"请假天数\",\"showLabel\":true,\"changeTag\":true,\"labelWidth\":null,\"tag\":\"el-input-number\",\"tagIcon\":\"number\",\"span\":24,\"layout\":\"colFormItem\",\"required\":true,\"regList\":[],\"document\":\"https://element.eleme.cn/#/zh-CN/component/input-number\",\"formId\":102,\"renderKey\":\"1021651740206704\"},\"placeholder\":\"请假天数\",\"step\":1,\"step-strictly\":false,\"controls-position\":\"\",\"disabled\":false,\"__vModel__\":\"leaveDays\"},{\"__config__\":{\"label\":\"日期范围\",\"tag\":\"el-date-picker\",\"tagIcon\":\"date-range\",\"defaultValue\":null,\"span\":24,\"showLabel\":true,\"labelWidth\":null,\"required\":true,\"layout\":\"colFormItem\",\"regList\":[],\"changeTag\":true,\"document\":\"https://element.eleme.cn/#/zh-CN/component/date-picker\",\"formId\":103,\"renderKey\":\"1031651740233895\"},\"style\":{\"width\":\"100%\"},\"type\":\"daterange\",\"range-separator\":\"至\",\"start-placeholder\":\"开始日期\",\"end-placeholder\":\"结束日期\",\"disabled\":false,\"clearable\":true,\"format\":\"yyyy-MM-dd\",\"value-format\":\"yyyy-MM-dd\",\"readonly\":false,\"__vModel__\":\"leaveDateRange\"}]}', NULL, 'admin', '2022-05-05 16:44:33', 'admin', '2022-05-13 23:13:34', b'0');

SET FOREIGN_KEY_CHECKS = 1;
